x-axis,1,2
second,Volt,Ampere
-19.400E-06,,
-19.300E-06,-97.989947E-03,-248.417750E-03
-19.200E-06,-97.989947E-03,-47.412723E-03
-19.100E-06,-97.989947E-03,-334.562761E-03
-19.000E-06,-69.274943E-03,-47.412723E-03
-18.900E-06,+103.015080E-03,-305.847758E-03
-18.800E-06,-97.989947E-03,-47.412723E-03
-18.700E-06,-69.274943E-03,-219.702746E-03
-18.600E-06,+103.015080E-03,-133.557735E-03
-18.500E-06,-97.989947E-03,-47.412723E-03
-18.400E-06,-97.989947E-03,-363.277765E-03
-18.300E-06,+103.015080E-03,-420.707773E-03
-18.200E-06,-97.989947E-03,-334.562761E-03
-18.100E-06,-97.989947E-03,-248.417750E-03
-18.000E-06,-97.989947E-03,-248.417750E-03
-17.900E-06,-298.994973E-03,-248.417750E-03
-17.800E-06,+103.015080E-03,-248.417750E-03
-17.700E-06,-97.989947E-03,-248.417750E-03
-17.600E-06,-97.989947E-03,-248.417750E-03
-17.500E-06,-97.989947E-03,-248.417750E-03
-17.400E-06,-97.989947E-03,+153.592303E-03
-17.300E-06,-97.989947E-03,-47.412723E-03
-17.200E-06,-97.989947E-03,-133.557735E-03
-17.100E-06,+103.015080E-03,-47.412723E-03
-17.000E-06,-11.844935E-03,+38.732288E-03
-16.900E-06,-270.279969E-03,+124.877300E-03
-16.800E-06,-241.564966E-03,-47.412723E-03
-16.700E-06,-97.989947E-03,-449.422777E-03
-16.600E-06,-126.704950E-03,-219.702746E-03
-16.500E-06,-11.844935E-03,-363.277765E-03
-16.400E-06,-97.989947E-03,-248.417750E-03
-16.300E-06,+103.015080E-03,-219.702746E-03
-16.200E-06,-97.989947E-03,-277.132754E-03
-16.100E-06,-97.989947E-03,-391.992769E-03
-16.000E-06,-40.559939E-03,-305.847758E-03
-15.900E-06,+74.300076E-03,-219.702746E-03
-15.800E-06,-97.989947E-03,-47.412723E-03
-15.700E-06,-97.989947E-03,-47.412723E-03
-15.600E-06,+16.870069E-03,-47.412723E-03
-15.500E-06,-69.274943E-03,-47.412723E-03
-15.400E-06,-97.989947E-03,-248.417750E-03
-15.300E-06,-97.989947E-03,+96.162296E-03
-15.200E-06,+74.300076E-03,-47.412723E-03
-15.100E-06,+16.870069E-03,-248.417750E-03
-15.000E-06,+103.015080E-03,-47.412723E-03
-14.900E-06,-97.989947E-03,-248.417750E-03
-14.800E-06,-69.274943E-03,-420.707773E-03
-14.700E-06,-97.989947E-03,-391.992769E-03
-14.600E-06,-97.989947E-03,-248.417750E-03
-14.500E-06,-97.989947E-03,-248.417750E-03
-14.400E-06,+16.870069E-03,-248.417750E-03
-14.300E-06,-97.989947E-03,-248.417750E-03
-14.200E-06,-97.989947E-03,-47.412723E-03
-14.100E-06,-97.989947E-03,-219.702746E-03
-14.000E-06,+45.585072E-03,-305.847758E-03
-13.900E-06,+45.585072E-03,-248.417750E-03
-13.800E-06,-97.989947E-03,-76.127727E-03
-13.700E-06,-97.989947E-03,-133.557735E-03
-13.600E-06,+103.015080E-03,-47.412723E-03
-13.500E-06,+16.870069E-03,-133.557735E-03
-13.400E-06,-69.274943E-03,-248.417750E-03
-13.300E-06,-97.989947E-03,-248.417750E-03
-13.200E-06,+45.585072E-03,-104.842731E-03
-13.100E-06,+103.015080E-03,-248.417750E-03
-13.000E-06,-97.989947E-03,-334.562761E-03
-12.900E-06,-298.994973E-03,-449.422777E-03
-12.800E-06,-184.134958E-03,-334.562761E-03
-12.700E-06,-97.989947E-03,-391.992769E-03
-12.600E-06,-97.989947E-03,-104.842731E-03
-12.500E-06,-97.989947E-03,-104.842731E-03
-12.400E-06,-97.989947E-03,-76.127727E-03
-12.300E-06,-298.994973E-03,-334.562761E-03
-12.200E-06,-97.989947E-03,-248.417750E-03
-12.100E-06,-97.989947E-03,-47.412723E-03
-12.000E-06,-97.989947E-03,-277.132754E-03
-11.900E-06,-97.989947E-03,-248.417750E-03
-11.800E-06,+45.585072E-03,-47.412723E-03
-11.700E-06,-126.704950E-03,-248.417750E-03
-11.600E-06,-11.844935E-03,-248.417750E-03
-11.500E-06,+103.015080E-03,-449.422777E-03
-11.400E-06,-11.844935E-03,-449.422777E-03
-11.300E-06,-126.704950E-03,-47.412723E-03
-11.200E-06,-97.989947E-03,-248.417750E-03
-11.100E-06,-97.989947E-03,-248.417750E-03
-11.000E-06,-97.989947E-03,-47.412723E-03
-10.900E-06,-97.989947E-03,-162.272739E-03
-10.800E-06,-97.989947E-03,-449.422777E-03
-10.700E-06,-97.989947E-03,-47.412723E-03
-10.600E-06,-97.989947E-03,-47.412723E-03
-10.500E-06,-97.989947E-03,-248.417750E-03
-10.400E-06,-97.989947E-03,-190.987742E-03
-10.300E-06,-69.274943E-03,-104.842731E-03
-10.200E-06,-184.134958E-03,-133.557735E-03
-10.100E-06,-97.989947E-03,-47.412723E-03
-10.000E-06,-97.989947E-03,-162.272739E-03
-9.900E-06,-97.989947E-03,-277.132754E-03
-9.800E-06,-97.989947E-03,-391.992769E-03
-9.700E-06,-155.419954E-03,-248.417750E-03
-9.600E-06,-97.989947E-03,-219.702746E-03
-9.500E-06,-97.989947E-03,-133.557735E-03
-9.400E-06,-298.994973E-03,-47.412723E-03
-9.300E-06,+16.870069E-03,-133.557735E-03
-9.200E-06,-97.989947E-03,+96.162296E-03
-9.100E-06,+103.015080E-03,-47.412723E-03
-9.000E-06,-97.989947E-03,-248.417750E-03
-8.900E-06,-270.279969E-03,-18.697719E-03
-8.800E-06,+103.015080E-03,-133.557735E-03
-8.700E-06,-97.989947E-03,-47.412723E-03
-8.600E-06,-212.849962E-03,-248.417750E-03
-8.500E-06,+74.300076E-03,-219.702746E-03
-8.400E-06,-97.989947E-03,-104.842731E-03
-8.300E-06,-97.989947E-03,-248.417750E-03
-8.200E-06,-97.989947E-03,-449.422777E-03
-8.100E-06,-97.989947E-03,-277.132754E-03
-8.000E-06,-97.989947E-03,-248.417750E-03
-7.900E-06,-97.989947E-03,-535.567788E-03
-7.800E-06,-97.989947E-03,-248.417750E-03
-7.700E-06,-97.989947E-03,-104.842731E-03
-7.600E-06,-241.564966E-03,-248.417750E-03
-7.500E-06,-69.274943E-03,-277.132754E-03
-7.400E-06,-97.989947E-03,-277.132754E-03
-7.300E-06,-298.994973E-03,-47.412723E-03
-7.200E-06,+16.870069E-03,-248.417750E-03
-7.100E-06,-270.279969E-03,-47.412723E-03
-7.000E-06,-97.989947E-03,+96.162296E-03
-6.900E-06,-97.989947E-03,-592.997796E-03
-6.800E-06,+103.015080E-03,-47.412723E-03
-6.700E-06,-184.134958E-03,-47.412723E-03
-6.600E-06,-97.989947E-03,-248.417750E-03
-6.500E-06,+189.160092E-03,-219.702746E-03
-6.400E-06,-270.279969E-03,-248.417750E-03
-6.300E-06,-298.994973E-03,-190.987742E-03
-6.200E-06,-97.989947E-03,-47.412723E-03
-6.100E-06,-97.989947E-03,-248.417750E-03
-6.000E-06,-97.989947E-03,-133.557735E-03
-5.900E-06,+103.015080E-03,-248.417750E-03
-5.800E-06,-97.989947E-03,-248.417750E-03
-5.700E-06,-97.989947E-03,-190.987742E-03
-5.600E-06,+45.585072E-03,-190.987742E-03
-5.500E-06,-97.989947E-03,-104.842731E-03
-5.400E-06,-97.989947E-03,-47.412723E-03
-5.300E-06,-11.844935E-03,-334.562761E-03
-5.200E-06,-97.989947E-03,-47.412723E-03
-5.100E-06,-97.989947E-03,-478.137781E-03
-5.000E-06,-97.989947E-03,-478.137781E-03
-4.900E-06,-155.419954E-03,-248.417750E-03
-4.800E-06,-97.989947E-03,-334.562761E-03
-4.700E-06,+74.300076E-03,-76.127727E-03
-4.600E-06,+16.870069E-03,-248.417750E-03
-4.500E-06,-97.989947E-03,-248.417750E-03
-4.400E-06,-184.134958E-03,-162.272739E-03
-4.300E-06,-97.989947E-03,-248.417750E-03
-4.200E-06,-97.989947E-03,-47.412723E-03
-4.100E-06,+103.015080E-03,-190.987742E-03
-4.000E-06,+74.300076E-03,-76.127727E-03
-3.900E-06,-97.989947E-03,-277.132754E-03
-3.800E-06,-97.989947E-03,-248.417750E-03
-3.700E-06,-11.844935E-03,-363.277765E-03
-3.600E-06,-327.709977E-03,-248.417750E-03
-3.500E-06,+45.585072E-03,-248.417750E-03
-3.400E-06,-97.989947E-03,-248.417750E-03
-3.300E-06,+74.300076E-03,-248.417750E-03
-3.200E-06,-97.989947E-03,-248.417750E-03
-3.100E-06,-97.989947E-03,-47.412723E-03
-3.000E-06,-97.989947E-03,-248.417750E-03
-2.900E-06,-69.274943E-03,-47.412723E-03
-2.800E-06,-97.989947E-03,-248.417750E-03
-2.700E-06,-241.564966E-03,-248.417750E-03
-2.600E-06,-97.989947E-03,-420.707773E-03
-2.500E-06,-97.989947E-03,-47.412723E-03
-2.400E-06,-97.989947E-03,-47.412723E-03
-2.300E-06,+16.870069E-03,-219.702746E-03
-2.200E-06,-97.989947E-03,-219.702746E-03
-2.100E-06,-97.989947E-03,-391.992769E-03
-2.000E-06,-97.989947E-03,-334.562761E-03
-1.900E-06,-270.279969E-03,-219.702746E-03
-1.800E-06,-97.989947E-03,-363.277765E-03
-1.700E-06,-97.989947E-03,-248.417750E-03
-1.600E-06,-97.989947E-03,-133.557735E-03
-1.500E-06,-97.989947E-03,-420.707773E-03
-1.400E-06,+45.585072E-03,-190.987742E-03
-1.300E-06,-155.419954E-03,-104.842731E-03
-1.200E-06,-97.989947E-03,-47.412723E-03
-1.100E-06,+16.870069E-03,+38.732288E-03
-1.000E-06,-298.994973E-03,-248.417750E-03
-900E-09,-212.849962E-03,-133.557735E-03
-800E-09,-97.989947E-03,-248.417750E-03
-700E-09,-97.989947E-03,-104.842731E-03
-600E-09,-97.989947E-03,-47.412723E-03
-500E-09,-69.274943E-03,-248.417750E-03
-400E-09,-212.849962E-03,-248.417750E-03
-300E-09,-298.994973E-03,-248.417750E-03
-200E-09,-97.989947E-03,-248.417750E-03
-100E-09,-69.274943E-03,-104.842731E-03
+0.0E+00,-97.989947E-03,-391.992769E-03
+100E-09,+12.278176697E+00,+268.452319E-03
+200E-09,+4.553840671E+00,-650.427803E-03
+300E-09,+10.210696423E+00,-650.427803E-03
+400E-09,+14.173366949E+00,+354.597330E-03
+500E-09,+9.062096270E+00,-133.557735E-03
+600E-09,+8.717516224E+00,-248.417750E-03
+700E-09,+12.421751716E+00,+412.027338E-03
+800E-09,+11.273151564E+00,+613.032364E-03
+900E-09,+9.176956285E+00,+526.887353E-03
+1.000E-06,+11.072146537E+00,+871.467399E-03
+1.100E-06,+11.560301602E+00,+1.158617437E+00
+1.200E-06,+10.555276468E+00,+1.273477452E+00
+1.300E-06,+10.354271442E+00,+1.158617437E+00
+1.400E-06,+11.617731610E+00,+1.761632517E+00
+1.500E-06,+11.014716529E+00,+1.704202509E+00
+1.600E-06,+10.555276468E+00,+1.962637544E+00
+1.700E-06,+11.072146537E+00,+1.847777528E+00
+1.800E-06,+11.158291548E+00,+1.962637544E+00
+1.900E-06,+10.756281495E+00,+2.163642570E+00
+2.000E-06,+10.957286522E+00,+2.192357574E+00
+2.100E-06,+11.072146537E+00,+2.364647597E+00
+2.200E-06,+10.871141510E+00,+2.364647597E+00
+2.300E-06,+10.986001526E+00,+2.938947673E+00
+2.400E-06,+11.187006552E+00,+2.766657650E+00
+2.500E-06,+10.957286522E+00,+2.967662677E+00
+2.600E-06,+11.158291548E+00,+2.967662677E+00
+2.700E-06,+11.129576545E+00,+3.168667704E+00
+2.800E-06,+11.301866568E+00,+3.168667704E+00
+2.900E-06,+11.359296575E+00,+3.168667704E+00
+3.000E-06,+11.158291548E+00,+3.541962753E+00
+3.100E-06,+11.273151564E+00,+3.771682784E+00
+3.200E-06,+11.359296575E+00,+3.570677757E+00
+3.300E-06,+11.187006552E+00,+3.886542799E+00
+3.400E-06,+11.330581571E+00,+3.972687811E+00
+3.500E-06,+11.158291548E+00,+4.116262830E+00
+3.600E-06,+11.100861541E+00,+4.173692837E+00
+3.700E-06,+11.158291548E+00,+4.345982860E+00
+3.800E-06,+11.359296575E+00,+4.374697864E+00
+3.900E-06,+11.359296575E+00,+4.374697864E+00
+4.000E-06,+11.158291548E+00,+4.374697864E+00
+4.100E-06,+11.359296575E+00,+4.575702891E+00
+4.200E-06,+11.502871594E+00,+4.633132898E+00
+4.300E-06,+11.359296575E+00,+4.633132898E+00
+4.400E-06,+11.187006552E+00,+4.805422921E+00
+4.500E-06,+11.273151564E+00,+4.776707917E+00
+4.600E-06,+11.359296575E+00,+5.178717971E+00
+4.700E-06,+11.560301602E+00,+5.178717971E+00
+4.800E-06,+11.531586598E+00,+5.351007994E+00
+4.900E-06,+11.359296575E+00,+5.322292990E+00
+5.000E-06,+11.158291548E+00,+5.236147978E+00
+5.100E-06,+11.330581571E+00,+5.580728024E+00
+5.200E-06,+11.359296575E+00,+5.580728024E+00
+5.300E-06,+11.158291548E+00,+5.781733051E+00
+5.400E-06,+11.560301602E+00,+5.781733051E+00
+5.500E-06,+11.531586598E+00,+5.810448055E+00
+5.600E-06,+11.301866568E+00,+5.781733051E+00
+5.700E-06,+11.560301602E+00,+5.982738078E+00
+5.800E-06,+11.187006552E+00,+5.982738078E+00
+5.900E-06,+11.560301602E+00,+6.298603120E+00
+6.000E-06,+11.359296575E+00,+6.183743104E+00
+6.100E-06,+11.560301602E+00,+6.384748131E+00
+6.200E-06,+11.359296575E+00,+6.212458108E+00
+6.300E-06,+11.359296575E+00,+6.327318123E+00
+6.400E-06,+11.416726583E+00,+6.585753158E+00
+6.500E-06,+11.761306629E+00,+6.384748131E+00
+6.600E-06,+11.675161617E+00,+6.700613173E+00
+6.700E-06,+11.560301602E+00,+6.585753158E+00
+6.800E-06,+11.560301602E+00,+6.786758184E+00
+6.900E-06,+11.531586598E+00,+6.815473188E+00
+7.000E-06,+11.560301602E+00,+6.987763211E+00
+7.100E-06,+11.560301602E+00,+6.987763211E+00
+7.200E-06,+11.560301602E+00,+6.786758184E+00
+7.300E-06,+11.761306629E+00,+7.188768238E+00
+7.400E-06,+11.359296575E+00,+7.188768238E+00
+7.500E-06,+11.761306629E+00,+7.274913249E+00
+7.600E-06,+11.560301602E+00,+7.016478215E+00
+7.700E-06,+11.818736636E+00,+7.590778291E+00
+7.800E-06,+11.703876621E+00,+7.676923303E+00
+7.900E-06,+11.732591625E+00,+7.590778291E+00
+8.000E-06,+11.675161617E+00,+7.475918276E+00
+8.100E-06,+11.560301602E+00,+7.590778291E+00
+8.200E-06,+11.761306629E+00,+7.877928329E+00
+8.300E-06,+11.589016606E+00,+7.619493295E+00
+8.400E-06,+11.560301602E+00,+7.992788345E+00
+8.500E-06,+11.761306629E+00,+7.992788345E+00
+8.600E-06,+11.761306629E+00,+7.992788345E+00
+8.700E-06,+11.761306629E+00,+8.078933356E+00
+8.800E-06,+11.560301602E+00,+8.394798398E+00
+8.900E-06,+11.761306629E+00,+8.193793371E+00
+9.000E-06,+11.732591625E+00,+8.193793371E+00
+9.100E-06,+11.962311655E+00,+8.337368390E+00
+9.200E-06,+11.962311655E+00,+8.595803425E+00
+9.300E-06,+11.933596651E+00,+8.567088421E+00
+9.400E-06,+11.847451640E+00,+8.509658413E+00
+9.500E-06,+11.962311655E+00,+8.595803425E+00
+9.600E-06,+11.962311655E+00,+8.480943409E+00
+9.700E-06,+11.790021632E+00,+8.624518429E+00
+9.800E-06,+11.904881648E+00,+8.997813478E+00
+9.900E-06,+11.904881648E+00,+8.710663440E+00
+10.000E-06,+11.761306629E+00,+8.997813478E+00
+10.100E-06,+11.962311655E+00,+8.997813478E+00
+10.200E-06,+11.962311655E+00,+8.997813478E+00
+10.300E-06,+11.761306629E+00,+9.198818505E+00
+10.400E-06,+11.933596651E+00,+9.227533509E+00
+10.500E-06,+11.904881648E+00,+9.198818505E+00
+10.600E-06,+11.962311655E+00,+9.543398551E+00
+10.700E-06,+11.790021632E+00,+9.600828558E+00
+10.800E-06,+11.962311655E+00,+9.399823532E+00
+10.900E-06,+11.761306629E+00,+9.399823532E+00
+11.000E-06,+11.847451640E+00,+9.485968543E+00
+11.100E-06,+11.962311655E+00,+9.428538535E+00
+11.200E-06,+11.962311655E+00,+9.457253539E+00
+11.300E-06,+12.019741663E+00,+9.600828558E+00
+11.400E-06,+12.134601678E+00,+9.801833585E+00
+11.500E-06,+12.048456667E+00,+9.887978596E+00
+11.600E-06,+12.163316682E+00,+9.801833585E+00
+11.700E-06,+11.933596651E+00,+9.715688573E+00
+11.800E-06,+11.933596651E+00,+9.801833585E+00
+11.900E-06,+11.962311655E+00,+10.002838612E+00
+12.000E-06,+11.962311655E+00,+9.945408604E+00
+12.100E-06,+11.790021632E+00,+10.002838612E+00
+12.200E-06,+11.962311655E+00,+10.002838612E+00
+12.300E-06,+11.962311655E+00,+10.203843638E+00
+12.400E-06,+12.077171671E+00,+10.203843638E+00
+12.500E-06,+11.761306629E+00,+10.060268619E+00
+12.600E-06,+11.962311655E+00,+10.203843638E+00
+12.700E-06,+11.962311655E+00,+10.203843638E+00
+12.800E-06,+11.962311655E+00,+10.404848665E+00
+12.900E-06,+11.962311655E+00,+10.289988650E+00
+13.000E-06,+12.163316682E+00,+10.404848665E+00
+13.100E-06,+11.560301602E+00,+10.490993676E+00
+13.200E-06,+11.761306629E+00,+10.605853692E+00
+13.300E-06,+11.962311655E+00,+10.950433737E+00
+13.400E-06,+11.818736636E+00,+10.749428711E+00
+13.500E-06,+11.790021632E+00,+10.663283699E+00
+13.600E-06,+11.847451640E+00,+10.720713707E+00
+13.700E-06,+11.761306629E+00,+10.806858718E+00
+13.800E-06,+11.962311655E+00,+10.605853692E+00
+13.900E-06,+11.790021632E+00,+10.806858718E+00
+14.000E-06,+11.962311655E+00,+11.007863745E+00
+14.100E-06,+11.847451640E+00,+11.094008757E+00
+14.200E-06,+11.962311655E+00,+11.007863745E+00
+14.300E-06,+11.991026659E+00,+11.007863745E+00
+14.400E-06,+11.962311655E+00,+11.007863745E+00
+14.500E-06,+11.761306629E+00,+11.208868772E+00
+14.600E-06,+11.962311655E+00,+11.409873798E+00
+14.700E-06,+12.048456667E+00,+11.409873798E+00
+14.800E-06,+11.962311655E+00,+11.409873798E+00
+14.900E-06,+11.962311655E+00,+11.438588802E+00
+15.000E-06,+11.962311655E+00,+11.409873798E+00
+15.100E-06,+11.560301602E+00,+11.610878825E+00
+15.200E-06,+11.761306629E+00,+11.496018810E+00
+15.300E-06,+11.962311655E+00,+11.409873798E+00
+15.400E-06,+11.962311655E+00,+11.610878825E+00
+15.500E-06,+11.962311655E+00,+11.811883852E+00
+15.600E-06,+12.134601678E+00,+11.409873798E+00
+15.700E-06,+11.962311655E+00,+11.811883852E+00
+15.800E-06,+11.761306629E+00,+11.409873798E+00
+15.900E-06,+12.163316682E+00,+11.811883852E+00
+16.000E-06,+11.962311655E+00,+11.610878825E+00
+16.100E-06,+11.962311655E+00,+11.955458871E+00
+16.200E-06,+11.703876621E+00,+11.811883852E+00
+16.300E-06,+11.933596651E+00,+12.185178901E+00
+16.400E-06,+11.962311655E+00,+12.127748894E+00
+16.500E-06,+11.962311655E+00,+11.811883852E+00
+16.600E-06,+11.962311655E+00,+12.012888879E+00
+16.700E-06,+12.134601678E+00,+12.041603882E+00
+16.800E-06,+11.904881648E+00,+12.156463898E+00
+16.900E-06,+11.761306629E+00,+12.156463898E+00
+17.000E-06,+11.962311655E+00,+12.213893905E+00
+17.100E-06,+11.761306629E+00,+12.099033890E+00
+17.200E-06,+11.962311655E+00,+12.414898932E+00
+17.300E-06,+11.962311655E+00,+12.328753921E+00
+17.400E-06,+11.962311655E+00,+12.414898932E+00
+17.500E-06,+12.163316682E+00,+12.558473951E+00
+17.600E-06,+11.962311655E+00,+12.271323913E+00
+17.700E-06,+12.134601678E+00,+12.414898932E+00
+17.800E-06,+11.962311655E+00,+12.414898932E+00
+17.900E-06,+11.962311655E+00,+12.414898932E+00
+18.000E-06,+11.962311655E+00,+12.615903959E+00
+18.100E-06,+11.790021632E+00,+12.443613936E+00
+18.200E-06,+12.105886674E+00,+12.472328940E+00
+18.300E-06,+11.962311655E+00,+12.759478978E+00
+18.400E-06,+11.962311655E+00,+12.443613936E+00
+18.500E-06,+11.847451640E+00,+12.615903959E+00
+18.600E-06,+11.962311655E+00,+12.816908985E+00
+18.700E-06,+12.048456667E+00,+12.903053997E+00
+18.800E-06,+12.163316682E+00,+12.816908985E+00
+18.900E-06,+12.105886674E+00,+13.017914012E+00
+19.000E-06,+12.163316682E+00,+12.960484004E+00
+19.100E-06,+12.134601678E+00,+13.017914012E+00
+19.200E-06,+12.163316682E+00,+13.017914012E+00
+19.300E-06,+12.163316682E+00,+13.017914012E+00
+19.400E-06,+12.048456667E+00,+13.132774027E+00
+19.500E-06,+11.790021632E+00,+13.218919039E+00
+19.600E-06,+12.163316682E+00,+13.017914012E+00
+19.700E-06,+12.105886674E+00,+13.017914012E+00
+19.800E-06,+11.962311655E+00,+13.190204035E+00
+19.900E-06,+12.077171671E+00,+13.305064050E+00
+20.000E-06,+12.163316682E+00,+13.218919039E+00
+20.100E-06,+12.048456667E+00,+13.218919039E+00
+20.200E-06,+12.134601678E+00,+13.218919039E+00
+20.300E-06,+12.163316682E+00,+13.362494058E+00
+20.400E-06,+12.163316682E+00,+13.620929092E+00
+20.500E-06,+11.991026659E+00,+13.419924065E+00
+20.600E-06,+12.163316682E+00,+13.506069077E+00
+20.700E-06,+11.962311655E+00,+13.218919039E+00
+20.800E-06,+12.163316682E+00,+13.419924065E+00
+20.900E-06,+12.163316682E+00,+13.419924065E+00
+21.000E-06,+12.220746690E+00,+13.620929092E+00
+21.100E-06,+12.019741663E+00,+13.678359100E+00
+21.200E-06,+11.962311655E+00,+13.620929092E+00
+21.300E-06,+11.962311655E+00,+13.707074104E+00
+21.400E-06,+11.962311655E+00,+13.620929092E+00
+21.500E-06,+12.163316682E+00,+13.620929092E+00
+21.600E-06,+12.163316682E+00,+13.850649123E+00
+21.700E-06,+12.019741663E+00,+13.821934119E+00
+21.800E-06,+12.163316682E+00,+13.821934119E+00
+21.900E-06,+12.192031686E+00,+13.850649123E+00
+22.000E-06,+12.077171671E+00,+13.735789107E+00
+22.100E-06,+11.962311655E+00,+14.022939146E+00
+22.200E-06,+12.163316682E+00,+14.022939146E+00
+22.300E-06,+12.163316682E+00,+13.994224142E+00
+22.400E-06,+12.163316682E+00,+13.936794134E+00
+22.500E-06,+11.962311655E+00,+13.879364126E+00
+22.600E-06,+12.163316682E+00,+14.424949199E+00
+22.700E-06,+12.077171671E+00,+14.022939146E+00
+22.800E-06,+12.163316682E+00,+13.821934119E+00
+22.900E-06,+11.962311655E+00,+13.908079130E+00
+23.000E-06,+11.962311655E+00,+13.879364126E+00
+23.100E-06,+12.163316682E+00,+14.022939146E+00
+23.200E-06,+12.163316682E+00,+14.367519191E+00
+23.300E-06,+12.163316682E+00,+14.396234195E+00
+23.400E-06,+11.962311655E+00,+14.109084157E+00
+23.500E-06,+12.163316682E+00,+14.424949199E+00
+23.600E-06,+12.163316682E+00,+14.424949199E+00
+23.700E-06,+12.163316682E+00,+14.223944172E+00
+23.800E-06,+12.163316682E+00,+14.223944172E+00
+23.900E-06,+11.962311655E+00,+14.281374180E+00
+24.000E-06,+11.962311655E+00,+14.424949199E+00
+24.100E-06,+12.048456667E+00,+14.539809214E+00
+24.200E-06,+12.163316682E+00,+14.625954226E+00
+24.300E-06,+12.077171671E+00,+14.625954226E+00
+24.400E-06,+11.962311655E+00,+14.625954226E+00
+24.500E-06,+11.962311655E+00,+14.281374180E+00
+24.600E-06,+11.904881648E+00,+14.826959252E+00
+24.700E-06,+11.962311655E+00,+14.597239222E+00
+24.800E-06,+11.962311655E+00,+14.625954226E+00
+24.900E-06,+11.962311655E+00,+14.826959252E+00
+25.000E-06,+11.962311655E+00,+14.625954226E+00
+25.100E-06,+11.962311655E+00,+14.597239222E+00
+25.200E-06,+11.962311655E+00,+14.625954226E+00
+25.300E-06,+11.962311655E+00,+14.568524218E+00
+25.400E-06,+11.962311655E+00,+14.855674256E+00
+25.500E-06,+11.847451640E+00,+14.913104264E+00
+25.600E-06,+11.962311655E+00,+14.625954226E+00
+25.700E-06,+12.077171671E+00,+14.712099237E+00
+25.800E-06,+11.790021632E+00,+14.999249275E+00
+25.900E-06,+11.962311655E+00,+14.884389260E+00
+26.000E-06,+11.962311655E+00,+14.884389260E+00
+26.100E-06,+11.962311655E+00,+15.027964279E+00
+26.200E-06,+12.048456667E+00,+15.027964279E+00
+26.300E-06,+11.962311655E+00,+15.027964279E+00
+26.400E-06,+12.048456667E+00,+15.142824294E+00
+26.500E-06,+11.962311655E+00,+15.056679283E+00
+26.600E-06,+11.904881648E+00,+15.228969306E+00
+26.700E-06,+12.163316682E+00,+15.027964279E+00
+26.800E-06,+12.163316682E+00,+15.027964279E+00
+26.900E-06,+12.163316682E+00,+15.228969306E+00
+27.000E-06,+12.163316682E+00,+15.228969306E+00
+27.100E-06,+12.048456667E+00,+15.228969306E+00
+27.200E-06,+12.134601678E+00,+15.056679283E+00
+27.300E-06,+12.019741663E+00,+15.429974332E+00
+27.400E-06,+11.962311655E+00,+15.142824294E+00
+27.500E-06,+11.790021632E+00,+15.401259329E+00
+27.600E-06,+11.876166644E+00,+15.343829321E+00
+27.700E-06,+11.962311655E+00,+15.630979359E+00
+27.800E-06,+11.876166644E+00,+15.429974332E+00
+27.900E-06,+12.163316682E+00,+15.257684310E+00
+28.000E-06,+11.962311655E+00,+15.573549352E+00
+28.100E-06,+11.962311655E+00,+15.487404340E+00
+28.200E-06,+11.962311655E+00,+15.429974332E+00
+28.300E-06,+12.163316682E+00,+15.429974332E+00
+28.400E-06,+12.163316682E+00,+15.630979359E+00
+28.500E-06,+12.077171671E+00,+15.516119344E+00
+28.600E-06,+12.134601678E+00,+15.602264355E+00
+28.700E-06,+12.163316682E+00,+15.774554378E+00
+28.800E-06,+12.163316682E+00,+15.573549352E+00
+28.900E-06,+12.134601678E+00,+15.602264355E+00
+29.000E-06,+12.163316682E+00,+15.745839374E+00
+29.100E-06,+12.163316682E+00,+15.630979359E+00
+29.200E-06,+12.077171671E+00,+15.516119344E+00
+29.300E-06,+12.134601678E+00,+15.630979359E+00
+29.400E-06,+11.962311655E+00,+15.831984386E+00
+29.500E-06,+12.105886674E+00,+15.630979359E+00
+29.600E-06,+12.134601678E+00,+15.659694363E+00
+29.700E-06,+12.134601678E+00,+15.803269382E+00
+29.800E-06,+12.163316682E+00,+15.831984386E+00
+29.900E-06,+12.077171671E+00,+15.745839374E+00
+30.000E-06,+12.163316682E+00,+15.831984386E+00
+30.100E-06,+12.019741663E+00,+15.831984386E+00
+30.200E-06,+12.019741663E+00,+16.032989413E+00
+30.300E-06,+12.163316682E+00,+15.831984386E+00
+30.400E-06,+12.163316682E+00,+15.946844401E+00
+30.500E-06,+11.962311655E+00,+15.831984386E+00
+30.600E-06,+12.048456667E+00,+15.918129397E+00
+30.700E-06,+12.192031686E+00,+16.032989413E+00
+30.800E-06,+12.163316682E+00,+16.032989413E+00
+30.900E-06,+12.105886674E+00,+15.831984386E+00
+31.000E-06,+12.163316682E+00,+16.061704416E+00
+31.100E-06,+12.077171671E+00,+16.032989413E+00
+31.200E-06,+12.163316682E+00,+16.233994439E+00
+31.300E-06,+12.163316682E+00,+15.946844401E+00
+31.400E-06,+12.163316682E+00,+16.061704416E+00
+31.500E-06,+11.962311655E+00,+16.032989413E+00
+31.600E-06,+12.364321709E+00,+16.233994439E+00
+31.700E-06,+11.991026659E+00,+16.061704416E+00
+31.800E-06,+12.163316682E+00,+16.119134424E+00
+31.900E-06,+11.962311655E+00,+16.032989413E+00
+32.000E-06,+12.163316682E+00,+16.348854454E+00
+32.100E-06,+12.134601678E+00,+16.377569458E+00
+32.200E-06,+12.163316682E+00,+16.032989413E+00
+32.300E-06,+12.163316682E+00,+16.233994439E+00
+32.400E-06,+12.163316682E+00,+16.262709443E+00
+32.500E-06,+12.077171671E+00,+16.147849428E+00
+32.600E-06,+12.163316682E+00,+16.434999466E+00
+32.700E-06,+12.278176697E+00,+16.434999466E+00
+32.800E-06,+11.991026659E+00,+16.406284462E+00
+32.900E-06,+12.249461693E+00,+16.492429474E+00
+33.000E-06,+11.962311655E+00,+16.291424447E+00
+33.100E-06,+12.134601678E+00,+16.463714470E+00
+33.200E-06,+11.962311655E+00,+16.233994439E+00
+33.300E-06,+12.163316682E+00,+16.434999466E+00
+33.400E-06,+12.163316682E+00,+16.549859481E+00
+33.500E-06,+12.134601678E+00,+16.636004493E+00
+33.600E-06,+12.163316682E+00,+16.434999466E+00
+33.700E-06,+11.962311655E+00,+16.348854454E+00
+33.800E-06,+12.134601678E+00,+16.664719496E+00
+33.900E-06,+12.163316682E+00,+16.434999466E+00
+34.000E-06,+12.364321709E+00,+16.434999466E+00
+34.100E-06,+12.077171671E+00,+16.521144477E+00
+34.200E-06,+12.134601678E+00,+16.636004493E+00
+34.300E-06,+11.962311655E+00,+16.492429474E+00
+34.400E-06,+11.962311655E+00,+16.492429474E+00
+34.500E-06,+12.163316682E+00,+16.837009519E+00
+34.600E-06,+12.077171671E+00,+16.722149504E+00
+34.700E-06,+11.962311655E+00,+16.837009519E+00
+34.800E-06,+11.962311655E+00,+16.750864508E+00
+34.900E-06,+11.962311655E+00,+16.636004493E+00
+35.000E-06,+12.019741663E+00,+16.693434500E+00
+35.100E-06,+12.105886674E+00,+16.636004493E+00
+35.200E-06,+12.134601678E+00,+16.837009519E+00
+35.300E-06,+12.163316682E+00,+16.837009519E+00
+35.400E-06,+12.163316682E+00,+17.038014546E+00
+35.500E-06,+12.163316682E+00,+16.837009519E+00
+35.600E-06,+12.163316682E+00,+17.210304569E+00
+35.700E-06,+12.105886674E+00,+16.779579512E+00
+35.800E-06,+12.105886674E+00,+16.894439527E+00
+35.900E-06,+12.134601678E+00,+16.636004493E+00
+36.000E-06,+11.962311655E+00,+17.124159557E+00
+36.100E-06,+11.962311655E+00,+16.837009519E+00
+36.200E-06,+11.962311655E+00,+16.837009519E+00
+36.300E-06,+11.962311655E+00,+17.009299542E+00
+36.400E-06,+12.163316682E+00,+16.894439527E+00
+36.500E-06,+11.962311655E+00,+17.038014546E+00
+36.600E-06,+11.933596651E+00,+17.009299542E+00
+36.700E-06,+12.163316682E+00,+16.837009519E+00
+36.800E-06,+12.163316682E+00,+16.837009519E+00
+36.900E-06,+12.163316682E+00,+16.837009519E+00
+37.000E-06,+12.163316682E+00,+17.210304569E+00
+37.100E-06,+12.163316682E+00,+17.038014546E+00
+37.200E-06,+11.962311655E+00,+16.980584538E+00
+37.300E-06,+11.991026659E+00,+17.009299542E+00
+37.400E-06,+12.163316682E+00,+17.239019573E+00
+37.500E-06,+11.962311655E+00,+17.038014546E+00
+37.600E-06,+12.077171671E+00,+17.239019573E+00
+37.700E-06,+12.134601678E+00,+17.440024599E+00
+37.800E-06,+11.818736636E+00,+17.239019573E+00
+37.900E-06,+11.818736636E+00,+17.296449580E+00
+38.000E-06,+12.306891701E+00,+17.066729550E+00
+38.100E-06,+12.163316682E+00,+17.038014546E+00
+38.200E-06,+12.163316682E+00,+17.239019573E+00
+38.300E-06,+12.163316682E+00,+17.353879588E+00
+38.400E-06,+12.134601678E+00,+17.267734577E+00
+38.500E-06,+12.306891701E+00,+17.296449580E+00
+38.600E-06,+12.163316682E+00,+17.239019573E+00
+38.700E-06,+12.134601678E+00,+17.066729550E+00
+38.800E-06,+12.163316682E+00,+17.124159557E+00
+38.900E-06,+11.962311655E+00,+17.239019573E+00
+39.000E-06,+12.048456667E+00,+17.440024599E+00
+39.100E-06,+11.962311655E+00,+17.440024599E+00
+39.200E-06,+11.904881648E+00,+17.239019573E+00
+39.300E-06,+12.019741663E+00,+17.239019573E+00
+39.400E-06,+12.163316682E+00,+17.440024599E+00
+39.500E-06,+11.962311655E+00,+17.325164584E+00
+39.600E-06,+12.163316682E+00,+17.440024599E+00
+39.700E-06,+12.048456667E+00,+17.239019573E+00
+39.800E-06,+12.192031686E+00,+17.440024599E+00
+39.900E-06,+11.962311655E+00,+17.583599619E+00
+40.000E-06,+12.163316682E+00,+17.583599618E+00
+40.100E-06,+12.163316682E+00,+17.612314622E+00
+40.200E-06,+12.134601678E+00,+17.554884615E+00
+40.300E-06,+12.364321709E+00,+17.440024599E+00
+40.400E-06,+11.962311655E+00,+17.440024599E+00
+40.500E-06,+11.962311655E+00,+17.239019573E+00
+40.600E-06,+12.105886674E+00,+17.698459634E+00
+40.700E-06,+12.105886674E+00,+17.440024599E+00
+40.800E-06,+12.163316682E+00,+17.468739603E+00
+40.900E-06,+12.134601678E+00,+17.755889641E+00
+41.000E-06,+12.163316682E+00,+17.641029626E+00
+41.100E-06,+12.163316682E+00,+17.440024599E+00
+41.200E-06,+12.163316682E+00,+17.641029626E+00
+41.300E-06,+12.163316682E+00,+17.641029626E+00
+41.400E-06,+12.105886674E+00,+17.641029626E+00
+41.500E-06,+11.962311655E+00,+17.784604645E+00
+41.600E-06,+12.163316682E+00,+17.813319649E+00
+41.700E-06,+12.163316682E+00,+17.842034653E+00
+41.800E-06,+12.048456667E+00,+17.641029626E+00
+41.900E-06,+12.163316682E+00,+17.641029626E+00
+42.000E-06,+11.962311655E+00,+17.899464660E+00
+42.100E-06,+11.962311655E+00,+17.842034653E+00
+42.200E-06,+12.163316682E+00,+17.842034653E+00
+42.300E-06,+12.048456667E+00,+17.755889641E+00
+42.400E-06,+11.962311655E+00,+17.842034653E+00
+42.500E-06,+12.077171671E+00,+17.842034653E+00
+42.600E-06,+11.991026659E+00,+18.043039680E+00
+42.700E-06,+12.220746690E+00,+17.784604645E+00
+42.800E-06,+12.306891701E+00,+17.985609672E+00
+42.900E-06,+12.192031686E+00,+17.842034653E+00
+43.000E-06,+12.077171671E+00,+17.842034653E+00
+43.100E-06,+12.163316682E+00,+17.842034653E+00
+43.200E-06,+11.962311655E+00,+17.842034653E+00
+43.300E-06,+12.163316682E+00,+17.870749657E+00
+43.400E-06,+12.220746690E+00,+18.043039680E+00
+43.500E-06,+12.105886674E+00,+17.842034653E+00
+43.600E-06,+11.962311655E+00,+18.043039680E+00
+43.700E-06,+11.962311655E+00,+18.043039680E+00
+43.800E-06,+11.962311655E+00,+18.043039679E+00
+43.900E-06,+12.163316682E+00,+17.956894668E+00
+44.000E-06,+12.134601678E+00,+18.215329702E+00
+44.100E-06,+12.105886674E+00,+18.043039680E+00
+44.200E-06,+12.163316682E+00,+17.842034653E+00
+44.300E-06,+11.991026659E+00,+18.071754683E+00
+44.400E-06,+12.278176697E+00,+18.129184691E+00
+44.500E-06,+12.163316682E+00,+18.244044706E+00
+44.600E-06,+12.048456667E+00,+18.157899695E+00
+44.700E-06,+12.019741663E+00,+18.244044706E+00
+44.800E-06,+12.163316682E+00,+18.100469687E+00
+44.900E-06,+12.163316682E+00,+18.186614699E+00
+45.000E-06,+12.163316682E+00,+18.043039680E+00
+45.100E-06,+11.962311655E+00,+18.244044706E+00
+45.200E-06,+11.962311655E+00,+18.043039680E+00
+45.300E-06,+12.048456667E+00,+18.358904721E+00
+45.400E-06,+11.962311655E+00,+18.445049733E+00
+45.500E-06,+12.019741663E+00,+18.244044706E+00
+45.600E-06,+12.105886674E+00,+18.043039680E+00
+45.700E-06,+11.962311655E+00,+18.043039680E+00
+45.800E-06,+12.048456667E+00,+18.330189718E+00
+45.900E-06,+11.962311655E+00,+18.043039680E+00
+46.000E-06,+12.163316682E+00,+18.157899695E+00
+46.100E-06,+12.364321709E+00,+18.215329702E+00
+46.200E-06,+12.163316682E+00,+18.387619725E+00
+46.300E-06,+11.962311655E+00,+18.588624752E+00
+46.400E-06,+12.163316682E+00,+18.272759710E+00
+46.500E-06,+11.962311655E+00,+18.445049733E+00
+46.600E-06,+12.163316682E+00,+18.244044706E+00
+46.700E-06,+12.163316682E+00,+18.244044706E+00
+46.800E-06,+11.962311655E+00,+18.071754683E+00
+46.900E-06,+11.962311655E+00,+18.330189718E+00
+47.000E-06,+11.962311655E+00,+18.445049733E+00
+47.100E-06,+12.134601678E+00,+18.244044706E+00
+47.200E-06,+12.163316682E+00,+18.330189718E+00
+47.300E-06,+12.163316682E+00,+18.244044706E+00
+47.400E-06,+11.962311655E+00,+18.559909748E+00
+47.500E-06,+11.962311655E+00,+18.272759710E+00
+47.600E-06,+12.163316682E+00,+18.646054760E+00
+47.700E-06,+12.019741663E+00,+18.244044706E+00
+47.800E-06,+12.163316682E+00,+18.445049733E+00
+47.900E-06,+12.163316682E+00,+18.445049733E+00
+48.000E-06,+12.163316682E+00,+18.244044706E+00
+48.100E-06,+11.962311655E+00,+18.646054760E+00
+48.200E-06,+11.962311655E+00,+18.473764737E+00
+48.300E-06,+12.019741663E+00,+18.387619725E+00
+48.400E-06,+12.019741663E+00,+18.445049733E+00
+48.500E-06,+11.962311655E+00,+18.646054760E+00
+48.600E-06,+11.962311655E+00,+18.559909748E+00
+48.700E-06,+12.163316682E+00,+18.445049733E+00
+48.800E-06,+11.962311655E+00,+18.531194744E+00
+48.900E-06,+12.163316682E+00,+18.646054760E+00
+49.000E-06,+11.962311655E+00,+18.445049733E+00
+49.100E-06,+12.163316682E+00,+18.703484767E+00
+49.200E-06,+11.991026659E+00,+18.473764737E+00
+49.300E-06,+12.163316682E+00,+18.875774790E+00
+49.400E-06,+11.962311655E+00,+18.847059786E+00
+49.500E-06,+12.077171671E+00,+18.818344782E+00
+49.600E-06,+12.134601678E+00,+18.445049733E+00
+49.700E-06,+11.962311655E+00,+18.502479741E+00
+49.800E-06,+11.962311655E+00,+18.502479741E+00
+49.900E-06,+12.163316682E+00,+18.990634805E+00
+50.000E-06,+12.163316682E+00,+18.760914775E+00
+50.100E-06,+11.962311655E+00,+18.847059786E+00
+50.200E-06,+12.048456667E+00,+18.847059786E+00
+50.300E-06,+12.163316682E+00,+18.818344782E+00
+50.400E-06,+12.163316682E+00,+18.646054760E+00
+50.500E-06,+11.962311655E+00,+18.847059786E+00
+50.600E-06,+12.163316682E+00,+18.818344783E+00
+50.700E-06,+11.876166644E+00,+18.760914775E+00
+50.800E-06,+11.962311655E+00,+18.646054760E+00
+50.900E-06,+12.163316682E+00,+18.847059786E+00
+51.000E-06,+12.163316682E+00,+18.674769763E+00
+51.100E-06,+12.163316682E+00,+18.502479741E+00
+51.200E-06,+12.105886674E+00,+18.990634805E+00
+51.300E-06,+12.163316682E+00,+19.048064813E+00
+51.400E-06,+12.048456667E+00,+19.048064813E+00
+51.500E-06,+12.163316682E+00,+18.847059786E+00
+51.600E-06,+11.962311655E+00,+18.875774790E+00
+51.700E-06,+11.962311655E+00,+18.847059786E+00
+51.800E-06,+12.105886674E+00,+18.703484767E+00
+51.900E-06,+12.019741663E+00,+18.847059786E+00
+52.000E-06,+11.962311655E+00,+19.048064813E+00
+52.100E-06,+12.163316682E+00,+18.847059786E+00
+52.200E-06,+11.962311655E+00,+18.847059786E+00
+52.300E-06,+12.163316682E+00,+18.961919802E+00
+52.400E-06,+12.134601678E+00,+19.048064813E+00
+52.500E-06,+12.019741663E+00,+19.048064813E+00
+52.600E-06,+12.163316682E+00,+19.249069840E+00
+52.700E-06,+12.364321709E+00,+18.875774790E+00
+52.800E-06,+12.163316682E+00,+19.048064813E+00
+52.900E-06,+12.163316682E+00,+19.249069840E+00
+53.000E-06,+12.192031686E+00,+19.048064813E+00
+53.100E-06,+12.163316682E+00,+19.249069840E+00
+53.200E-06,+12.105886674E+00,+19.249069840E+00
+53.300E-06,+12.163316682E+00,+19.048064813E+00
+53.400E-06,+12.163316682E+00,+18.875774790E+00
+53.500E-06,+12.077171671E+00,+18.933204798E+00
+53.600E-06,+12.163316682E+00,+19.048064813E+00
+53.700E-06,+11.962311655E+00,+19.048064813E+00
+53.800E-06,+12.163316682E+00,+19.048064813E+00
+53.900E-06,+12.019741663E+00,+19.105494821E+00
+54.000E-06,+12.105886674E+00,+19.048064813E+00
+54.100E-06,+11.761306629E+00,+19.048064813E+00
+54.200E-06,+12.163316682E+00,+19.249069840E+00
+54.300E-06,+12.163316682E+00,+19.249069840E+00
+54.400E-06,+12.364321709E+00,+19.048064813E+00
+54.500E-06,+12.335606705E+00,+19.220354836E+00
+54.600E-06,+12.163316682E+00,+19.048064813E+00
+54.700E-06,+12.019741663E+00,+19.048064813E+00
+54.800E-06,+11.962311655E+00,+19.220354836E+00
+54.900E-06,+12.048456667E+00,+19.162924828E+00
+55.000E-06,+12.163316682E+00,+19.048064813E+00
+55.100E-06,+12.192031686E+00,+18.961919802E+00
+55.200E-06,+12.163316682E+00,+19.076779817E+00
+55.300E-06,+11.962311655E+00,+19.249069840E+00
+55.400E-06,+12.163316682E+00,+19.249069840E+00
+55.500E-06,+11.991026659E+00,+19.048064813E+00
+55.600E-06,+11.962311655E+00,+19.363929855E+00
+55.700E-06,+11.962311655E+00,+19.249069840E+00
+55.800E-06,+12.364321709E+00,+19.363929855E+00
+55.900E-06,+12.163316682E+00,+19.105494821E+00
+56.000E-06,+12.220746690E+00,+19.306499847E+00
+56.100E-06,+12.163316682E+00,+19.593649885E+00
+56.200E-06,+11.790021632E+00,+19.249069840E+00
+56.300E-06,+12.163316682E+00,+19.363929855E+00
+56.400E-06,+12.163316682E+00,+19.450074866E+00
+56.500E-06,+12.163316682E+00,+19.249069840E+00
+56.600E-06,+12.163316682E+00,+19.249069840E+00
+56.700E-06,+11.818736636E+00,+19.306499847E+00
+56.800E-06,+12.105886674E+00,+19.392644859E+00
+56.900E-06,+12.134601678E+00,+19.249069840E+00
+57.000E-06,+12.249461693E+00,+19.536219878E+00
+57.100E-06,+11.962311655E+00,+19.450074866E+00
+57.200E-06,+12.364321709E+00,+19.249069840E+00
+57.300E-06,+12.163316682E+00,+19.249069840E+00
+57.400E-06,+12.105886674E+00,+19.392644859E+00
+57.500E-06,+12.163316682E+00,+19.450074866E+00
+57.600E-06,+12.163316682E+00,+19.450074866E+00
+57.700E-06,+12.163316682E+00,+19.450074866E+00
+57.800E-06,+12.163316682E+00,+19.450074866E+00
+57.900E-06,+12.077171671E+00,+19.335214851E+00
+58.000E-06,+11.761306629E+00,+19.478789870E+00
+58.100E-06,+12.163316682E+00,+19.392644859E+00
+58.200E-06,+12.019741663E+00,+19.507504874E+00
+58.300E-06,+11.962311655E+00,+19.450074866E+00
+58.400E-06,+11.991026659E+00,+19.277784843E+00
+58.500E-06,+11.962311655E+00,+19.450074866E+00
+58.600E-06,+12.077171671E+00,+19.450074866E+00
+58.700E-06,+11.790021632E+00,+19.651079893E+00
+58.800E-06,+12.163316682E+00,+19.450074866E+00
+58.900E-06,+12.019741663E+00,+19.392644859E+00
+59.000E-06,+11.991026659E+00,+19.651079893E+00
+59.100E-06,+12.249461693E+00,+19.450074866E+00
+59.200E-06,+12.364321709E+00,+19.450074866E+00
+59.300E-06,+12.134601678E+00,+19.564934882E+00
+59.400E-06,+12.163316682E+00,+19.651079893E+00
+59.500E-06,+12.163316682E+00,+19.507504874E+00
+59.600E-06,+11.962311655E+00,+19.593649885E+00
+59.700E-06,+12.134601678E+00,+19.507504874E+00
+59.800E-06,+12.163316682E+00,+19.651079893E+00
+59.900E-06,+12.163316682E+00,+19.249069840E+00
+60.000E-06,+11.962311655E+00,+19.335214851E+00
+60.100E-06,+11.991026659E+00,+19.651079893E+00
+60.200E-06,+12.105886674E+00,+19.593649886E+00
+60.300E-06,+12.163316682E+00,+19.593649885E+00
+60.400E-06,+12.163316682E+00,+19.478789870E+00
+60.500E-06,+11.962311655E+00,+19.651079893E+00
+60.600E-06,+12.163316682E+00,+19.651079893E+00
+60.700E-06,+12.077171671E+00,+19.651079893E+00
+60.800E-06,+12.134601678E+00,+19.679794897E+00
+60.900E-06,+12.249461693E+00,+19.450074866E+00
+61.000E-06,+12.019741663E+00,+19.708509901E+00
+61.100E-06,+12.163316682E+00,+19.651079893E+00
+61.200E-06,+12.163316682E+00,+19.651079893E+00
+61.300E-06,+12.163316682E+00,+19.450074866E+00
+61.400E-06,+12.048456667E+00,+19.679794897E+00
+61.500E-06,+12.163316682E+00,+19.823369916E+00
+61.600E-06,+12.163316682E+00,+19.794654912E+00
+61.700E-06,+12.163316682E+00,+19.852084920E+00
+61.800E-06,+11.962311655E+00,+19.651079893E+00
+61.900E-06,+11.962311655E+00,+19.765939908E+00
+62.000E-06,+12.364321709E+00,+19.852084920E+00
+62.100E-06,+12.278176697E+00,+19.765939908E+00
+62.200E-06,+11.933596651E+00,+19.651079893E+00
+62.300E-06,+12.220746690E+00,+19.651079893E+00
+62.400E-06,+12.220746690E+00,+19.852084920E+00
+62.500E-06,+12.163316682E+00,+19.852084920E+00
+62.600E-06,+12.364321709E+00,+19.564934882E+00
+62.700E-06,+12.163316682E+00,+19.651079893E+00
+62.800E-06,+11.962311655E+00,+19.852084920E+00
+62.900E-06,+11.962311655E+00,+20.024374943E+00
+63.000E-06,+11.962311655E+00,+19.909514927E+00
+63.100E-06,+12.105886674E+00,+19.651079893E+00
+63.200E-06,+12.163316682E+00,+19.679794897E+00
+63.300E-06,+12.048456667E+00,+19.823369916E+00
+63.400E-06,+12.163316682E+00,+19.852084920E+00
+63.500E-06,+11.962311655E+00,+19.651079893E+00
+63.600E-06,+12.134601678E+00,+20.053089947E+00
+63.700E-06,+12.163316682E+00,+19.995659939E+00
+63.800E-06,+12.163316682E+00,+19.852084920E+00
+63.900E-06,+11.991026659E+00,+19.823369916E+00
+64.000E-06,+12.048456667E+00,+20.053089947E+00
+64.100E-06,+12.163316682E+00,+19.651079893E+00
+64.200E-06,+12.048456667E+00,+19.852084920E+00
+64.300E-06,+12.163316682E+00,+19.995659939E+00
+64.400E-06,+12.019741663E+00,+19.995659939E+00
+64.500E-06,+11.962311655E+00,+19.708509901E+00
+64.600E-06,+12.163316682E+00,+19.852084920E+00
+64.700E-06,+11.962311655E+00,+19.737224905E+00
+64.800E-06,+11.962311655E+00,+19.651079893E+00
+64.900E-06,+12.048456667E+00,+19.966944935E+00
+65.000E-06,+11.962311655E+00,+19.880799924E+00
+65.100E-06,+12.019741663E+00,+19.852084920E+00
+65.200E-06,+12.019741663E+00,+19.852084920E+00
+65.300E-06,+12.163316682E+00,+19.852084920E+00
+65.400E-06,+12.048456667E+00,+19.852084920E+00
+65.500E-06,+11.962311655E+00,+19.852084920E+00
+65.600E-06,+12.163316682E+00,+19.966944935E+00
+65.700E-06,+12.163316682E+00,+20.053089947E+00
+65.800E-06,+12.163316682E+00,+20.053089947E+00
+65.900E-06,+11.818736636E+00,+19.995659939E+00
+66.000E-06,+12.335606705E+00,+19.880799924E+00
+66.100E-06,+12.163316682E+00,+19.880799924E+00
+66.200E-06,+12.163316682E+00,+20.254094973E+00
+66.300E-06,+12.048456667E+00,+19.852084920E+00
+66.400E-06,+11.962311655E+00,+20.024374943E+00
+66.500E-06,+11.962311655E+00,+19.852084920E+00
+66.600E-06,+11.962311655E+00,+19.995659939E+00
+66.700E-06,+11.962311655E+00,+20.053089947E+00
+66.800E-06,+12.077171670E+00,+19.938229931E+00
+66.900E-06,+12.163316682E+00,+20.053089947E+00
+67.000E-06,+12.048456667E+00,+19.852084920E+00
+67.100E-06,+11.962311655E+00,+20.225379969E+00
+67.200E-06,+12.163316682E+00,+20.110519954E+00
+67.300E-06,+12.163316682E+00,+20.196664966E+00
+67.400E-06,+12.163316682E+00,+20.081804950E+00
+67.500E-06,+12.364321709E+00,+20.139234958E+00
+67.600E-06,+11.962311655E+00,+20.053089947E+00
+67.700E-06,+12.163316682E+00,+19.966944935E+00
+67.800E-06,+12.163316682E+00,+20.081804950E+00
+67.900E-06,+11.962311655E+00,+19.852084920E+00
+68.000E-06,+12.105886674E+00,+20.053089947E+00
+68.100E-06,+11.991026659E+00,+20.053089947E+00
+68.200E-06,+12.163316682E+00,+20.139234958E+00
+68.300E-06,+11.962311655E+00,+20.254094973E+00
+68.400E-06,+12.163316682E+00,+20.139234958E+00
+68.500E-06,+11.991026659E+00,+20.081804950E+00
+68.600E-06,+12.105886674E+00,+20.196664966E+00
+68.700E-06,+12.019741663E+00,+20.196664966E+00
+68.800E-06,+12.134601678E+00,+19.880799924E+00
+68.900E-06,+11.962311655E+00,+20.053089947E+00
+69.000E-06,+12.163316682E+00,+20.254094973E+00
+69.100E-06,+12.163316682E+00,+20.254094973E+00
+69.200E-06,+12.163316682E+00,+20.426384996E+00
+69.300E-06,+12.163316682E+00,+20.053089947E+00
+69.400E-06,+11.962311655E+00,+20.053089947E+00
+69.500E-06,+12.134601678E+00,+20.053089947E+00
+69.600E-06,+12.163316682E+00,+20.139234958E+00
+69.700E-06,+12.163316682E+00,+20.254094973E+00
+69.800E-06,+12.163316682E+00,+20.282809977E+00
+69.900E-06,+11.991026659E+00,+20.081804950E+00
+70.000E-06,+12.105886674E+00,+20.110519954E+00
+70.100E-06,+12.163316682E+00,+20.196664966E+00
+70.200E-06,+11.991026659E+00,+20.081804950E+00
+70.300E-06,+12.048456667E+00,+20.053089947E+00
+70.400E-06,+12.163316682E+00,+20.254094973E+00
+70.500E-06,+12.163316682E+00,+20.139234958E+00
+70.600E-06,+11.991026659E+00,+20.254094973E+00
+70.700E-06,+11.962311655E+00,+20.397669992E+00
+70.800E-06,+12.019741663E+00,+20.397669992E+00
+70.900E-06,+11.991026659E+00,+20.282809977E+00
+71.000E-06,+11.876166644E+00,+20.139234958E+00
+71.100E-06,+11.962311655E+00,+20.254094973E+00
+71.200E-06,+12.048456667E+00,+20.254094973E+00
+71.300E-06,+11.962311655E+00,+20.254094973E+00
+71.400E-06,+12.105886674E+00,+20.196664966E+00
+71.500E-06,+12.163316682E+00,+20.340239985E+00
+71.600E-06,+12.163316682E+00,+20.254094973E+00
+71.700E-06,+12.278176697E+00,+20.139234958E+00
+71.800E-06,+11.962311655E+00,+20.254094973E+00
+71.900E-06,+12.048456667E+00,+20.254094973E+00
+72.000E-06,+11.933596651E+00,+20.081804950E+00
+72.100E-06,+12.163316682E+00,+20.455100000E+00
+72.200E-06,+12.220746690E+00,+20.340239985E+00
+72.300E-06,+12.163316682E+00,+20.254094973E+00
+72.400E-06,+12.163316682E+00,+20.081804950E+00
+72.500E-06,+12.163316682E+00,+20.053089947E+00
+72.600E-06,+11.962311655E+00,+20.254094973E+00
+72.700E-06,+11.962311655E+00,+20.455100000E+00
+72.800E-06,+12.105886674E+00,+20.254094973E+00
+72.900E-06,+12.019741663E+00,+20.254094973E+00
+73.000E-06,+11.991026659E+00,+20.254094973E+00
+73.100E-06,+11.962311655E+00,+20.340239985E+00
+73.200E-06,+11.962311655E+00,+20.656105027E+00
+73.300E-06,+11.962311655E+00,+20.455100000E+00
+73.400E-06,+12.134601678E+00,+20.254094973E+00
+73.500E-06,+11.962311655E+00,+20.512530007E+00
+73.600E-06,+12.163316682E+00,+20.311524981E+00
+73.700E-06,+11.962311655E+00,+20.455100000E+00
+73.800E-06,+12.163316682E+00,+20.455100000E+00
+73.900E-06,+11.962311655E+00,+20.254094973E+00
+74.000E-06,+12.163316682E+00,+20.254094973E+00
+74.100E-06,+11.933596651E+00,+20.483815004E+00
+74.200E-06,+11.962311655E+00,+20.397669992E+00
+74.300E-06,+11.962311655E+00,+20.512530008E+00
+74.400E-06,+11.991026659E+00,+20.455100000E+00
+74.500E-06,+11.962311655E+00,+20.254094973E+00
+74.600E-06,+11.962311655E+00,+20.656105027E+00
+74.700E-06,+12.077171671E+00,+20.483815004E+00
+74.800E-06,+11.962311655E+00,+20.483815004E+00
+74.900E-06,+12.163316682E+00,+20.512530007E+00
+75.000E-06,+12.306891701E+00,+20.598675019E+00
+75.100E-06,+11.991026659E+00,+20.656105027E+00
+75.200E-06,+12.163316682E+00,+20.455100000E+00
+75.300E-06,+12.163316682E+00,+20.455100000E+00
+75.400E-06,+12.048456667E+00,+20.541245011E+00
+75.500E-06,+11.991026659E+00,+20.311524981E+00
+75.600E-06,+12.019741663E+00,+20.512530007E+00
+75.700E-06,+12.077171671E+00,+20.512530008E+00
+75.800E-06,+11.962311655E+00,+20.627390023E+00
+75.900E-06,+11.962311655E+00,+20.368954988E+00
+76.000E-06,+11.962311655E+00,+20.455100000E+00
+76.100E-06,+12.048456667E+00,+20.569960015E+00
+76.200E-06,+11.962311655E+00,+20.483815004E+00
+76.300E-06,+12.105886674E+00,+20.512530007E+00
+76.400E-06,+12.163316682E+00,+20.311524981E+00
+76.500E-06,+11.962311655E+00,+20.455100000E+00
+76.600E-06,+12.163316682E+00,+20.483815004E+00
+76.700E-06,+11.962311655E+00,+20.656105027E+00
+76.800E-06,+12.163316682E+00,+20.770965042E+00
+76.900E-06,+11.991026659E+00,+20.455100000E+00
+77.000E-06,+12.105886674E+00,+20.397669992E+00
+77.100E-06,+11.962311655E+00,+20.512530008E+00
+77.200E-06,+12.134601678E+00,+20.684820030E+00
+77.300E-06,+12.048456667E+00,+20.368954988E+00
+77.400E-06,+12.163316682E+00,+20.656105027E+00
+77.500E-06,+12.163316682E+00,+20.656105027E+00
+77.600E-06,+12.163316682E+00,+20.455100000E+00
+77.700E-06,+12.019741663E+00,+20.455100000E+00
+77.800E-06,+12.105886674E+00,+20.455100000E+00
+77.900E-06,+12.364321709E+00,+20.512530007E+00
+78.000E-06,+12.077171670E+00,+20.455100000E+00
+78.100E-06,+11.962311655E+00,+20.656105027E+00
+78.200E-06,+11.962311655E+00,+20.541245011E+00
+78.300E-06,+12.134601678E+00,+20.455100000E+00
+78.400E-06,+12.105886674E+00,+20.656105027E+00
+78.500E-06,+12.019741663E+00,+20.656105027E+00
+78.600E-06,+11.933596652E+00,+20.455100000E+00
+78.700E-06,+12.077171670E+00,+20.742250038E+00
+78.800E-06,+12.163316682E+00,+20.455100000E+00
+78.900E-06,+12.077171671E+00,+20.656105027E+00
+79.000E-06,+12.163316682E+00,+20.799680046E+00
+79.100E-06,+11.962311655E+00,+20.656105027E+00
+79.200E-06,+12.019741663E+00,+20.512530008E+00
+79.300E-06,+12.134601678E+00,+20.483815004E+00
+79.400E-06,+11.991026659E+00,+20.455100000E+00
+79.500E-06,+11.962311655E+00,+20.455100000E+00
+79.600E-06,+12.163316682E+00,+20.656105027E+00
+79.700E-06,+12.163316682E+00,+20.656105027E+00
+79.800E-06,+12.163316682E+00,+20.799680046E+00
+79.900E-06,+12.019741663E+00,+20.598675019E+00
+80.000E-06,+12.163316682E+00,+20.627390023E+00
+80.100E-06,+12.077171670E+00,+20.656105027E+00
+80.200E-06,+12.163316682E+00,+20.857110053E+00
+80.300E-06,+11.962311655E+00,+20.656105027E+00
+80.400E-06,+12.163316682E+00,+20.857110053E+00
+80.500E-06,+12.019741663E+00,+20.455100000E+00
+80.600E-06,+12.220746690E+00,+20.455100000E+00
+80.700E-06,+12.163316682E+00,+20.656105027E+00
+80.800E-06,+12.163316682E+00,+20.656105027E+00
+80.900E-06,+12.163316682E+00,+20.857110053E+00
+81.000E-06,+12.048456667E+00,+20.684820031E+00
+81.100E-06,+11.991026659E+00,+20.656105027E+00
+81.200E-06,+12.163316682E+00,+20.656105027E+00
+81.300E-06,+12.220746690E+00,+20.799680046E+00
+81.400E-06,+12.163316682E+00,+20.656105027E+00
+81.500E-06,+12.048456667E+00,+20.684820030E+00
+81.600E-06,+11.962311655E+00,+20.656105027E+00
+81.700E-06,+12.278176697E+00,+20.541245011E+00
+81.800E-06,+12.163316682E+00,+20.684820030E+00
+81.900E-06,+12.249461694E+00,+20.713535034E+00
+82.000E-06,+12.163316682E+00,+20.656105027E+00
+82.100E-06,+11.962311655E+00,+20.684820030E+00
+82.200E-06,+12.077171670E+00,+20.742250038E+00
+82.300E-06,+12.163316682E+00,+20.656105027E+00
+82.400E-06,+12.048456667E+00,+20.885825057E+00
+82.500E-06,+11.991026659E+00,+20.885825057E+00
+82.600E-06,+12.163316682E+00,+21.000685072E+00
+82.700E-06,+12.163316682E+00,+20.799680046E+00
+82.800E-06,+12.163316682E+00,+20.684820030E+00
+82.900E-06,+12.163316682E+00,+20.770965042E+00
+83.000E-06,+12.163316682E+00,+20.857110053E+00
+83.100E-06,+11.962311655E+00,+20.684820031E+00
+83.200E-06,+11.962311655E+00,+20.656105027E+00
+83.300E-06,+12.019741663E+00,+20.656105027E+00
+83.400E-06,+12.220746690E+00,+20.656105027E+00
+83.500E-06,+12.134601678E+00,+20.684820030E+00
+83.600E-06,+12.163316682E+00,+20.857110053E+00
+83.700E-06,+12.163316682E+00,+20.656105027E+00
+83.800E-06,+12.163316682E+00,+20.656105027E+00
+83.900E-06,+12.134601678E+00,+20.684820030E+00
+84.000E-06,+12.019741663E+00,+20.799680046E+00
+84.100E-06,+12.163316682E+00,+20.857110053E+00
+84.200E-06,+12.163316682E+00,+20.857110053E+00
+84.300E-06,+11.962311655E+00,+20.857110053E+00
+84.400E-06,+12.163316682E+00,+20.857110053E+00
+84.500E-06,+12.077171671E+00,+21.058115080E+00
+84.600E-06,+12.163316682E+00,+20.857110053E+00
+84.700E-06,+12.220746690E+00,+20.857110053E+00
+84.800E-06,+12.163316682E+00,+20.713535034E+00
+84.900E-06,+12.163316682E+00,+21.029400076E+00
+85.000E-06,+12.278176697E+00,+20.656105027E+00
+85.100E-06,+12.163316682E+00,+21.058115080E+00
+85.200E-06,+12.163316682E+00,+20.770965042E+00
+85.300E-06,+12.163316682E+00,+20.857110053E+00
+85.400E-06,+12.105886674E+00,+20.914540061E+00
+85.500E-06,+12.019741663E+00,+20.914540061E+00
+85.600E-06,+12.134601678E+00,+20.857110053E+00
+85.700E-06,+12.163316682E+00,+20.857110053E+00
+85.800E-06,+11.962311655E+00,+21.058115080E+00
+85.900E-06,+12.249461693E+00,+20.943255065E+00
+86.000E-06,+11.991026659E+00,+20.857110053E+00
+86.100E-06,+11.962311655E+00,+20.799680046E+00
+86.200E-06,+12.163316682E+00,+20.770965042E+00
+86.300E-06,+12.335606705E+00,+21.058115080E+00
+86.400E-06,+12.163316682E+00,+21.058115080E+00
+86.500E-06,+11.962311655E+00,+21.058115080E+00
+86.600E-06,+12.163316682E+00,+20.857110053E+00
+86.700E-06,+11.962311655E+00,+20.857110053E+00
+86.800E-06,+12.163316682E+00,+20.656105027E+00
+86.900E-06,+11.876166644E+00,+20.971970069E+00
+87.000E-06,+12.134601678E+00,+20.885825057E+00
+87.100E-06,+12.077171670E+00,+21.058115080E+00
+87.200E-06,+12.163316682E+00,+20.656105027E+00
+87.300E-06,+12.048456667E+00,+20.943255065E+00
+87.400E-06,+11.962311655E+00,+20.828395049E+00
+87.500E-06,+12.019741663E+00,+20.857110053E+00
+87.600E-06,+12.163316682E+00,+21.144260091E+00
+87.700E-06,+12.163316682E+00,+20.857110053E+00
+87.800E-06,+12.278176697E+00,+21.058115080E+00
+87.900E-06,+11.962311655E+00,+20.857110053E+00
+88.000E-06,+12.278176697E+00,+20.742250038E+00
+88.100E-06,+12.163316682E+00,+20.857110053E+00
+88.200E-06,+12.163316682E+00,+20.857110053E+00
+88.300E-06,+12.019741663E+00,+21.058115080E+00
+88.400E-06,+12.163316682E+00,+21.029400076E+00
+88.500E-06,+12.163316682E+00,+20.770965042E+00
+88.600E-06,+12.163316682E+00,+21.058115080E+00
+88.700E-06,+12.163316682E+00,+20.857110053E+00
+88.800E-06,+11.991026659E+00,+21.029400076E+00
+88.900E-06,+12.019741663E+00,+21.058115080E+00
+89.000E-06,+12.019741663E+00,+21.058115080E+00
+89.100E-06,+12.163316682E+00,+21.058115080E+00
+89.200E-06,+12.048456667E+00,+20.971970068E+00
+89.300E-06,+12.163316682E+00,+20.857110053E+00
+89.400E-06,+11.962311655E+00,+20.971970069E+00
+89.500E-06,+12.163316682E+00,+21.230405103E+00
+89.600E-06,+12.163316682E+00,+20.857110053E+00
+89.700E-06,+11.962311655E+00,+20.857110053E+00
+89.800E-06,+12.163316682E+00,+21.058115080E+00
+89.900E-06,+11.962311655E+00,+20.770965042E+00
+90.000E-06,+12.163316682E+00,+21.058115080E+00
+90.100E-06,+12.163316682E+00,+20.943255065E+00
+90.200E-06,+11.962311655E+00,+20.885825057E+00
+90.300E-06,+11.962311655E+00,+20.914540061E+00
+90.400E-06,+12.163316682E+00,+21.058115080E+00
+90.500E-06,+12.163316682E+00,+21.058115080E+00
+90.600E-06,+12.048456667E+00,+21.144260092E+00
+90.700E-06,+12.163316682E+00,+21.058115080E+00
+90.800E-06,+12.278176697E+00,+21.058115080E+00
+90.900E-06,+12.134601678E+00,+21.058115080E+00
+91.000E-06,+12.019741663E+00,+20.770965042E+00
+91.100E-06,+12.163316682E+00,+21.000685072E+00
+91.200E-06,+12.163316682E+00,+21.058115080E+00
+91.300E-06,+12.249461694E+00,+21.058115080E+00
+91.400E-06,+11.962311655E+00,+20.857110053E+00
+91.500E-06,+12.249461693E+00,+21.086830084E+00
+91.600E-06,+12.163316682E+00,+21.029400076E+00
+91.700E-06,+12.163316682E+00,+21.058115080E+00
+91.800E-06,+12.364321709E+00,+21.058115080E+00
+91.900E-06,+11.991026659E+00,+21.058115080E+00
+92.000E-06,+11.876166644E+00,+20.857110053E+00
+92.100E-06,+12.163316682E+00,+21.058115080E+00
+92.200E-06,+12.077171671E+00,+21.058115080E+00
+92.300E-06,+12.163316682E+00,+21.086830084E+00
+92.400E-06,+12.105886674E+00,+21.000685072E+00
+92.500E-06,+12.105886674E+00,+21.201690099E+00
+92.600E-06,+12.163316682E+00,+21.029400076E+00
+92.700E-06,+12.163316682E+00,+21.058115080E+00
+92.800E-06,+12.163316682E+00,+20.857110053E+00
+92.900E-06,+12.048456667E+00,+21.144260091E+00
+93.000E-06,+12.335606705E+00,+21.086830084E+00
+93.100E-06,+12.019741663E+00,+21.115545088E+00
+93.200E-06,+12.163316682E+00,+21.058115080E+00
+93.300E-06,+12.019741663E+00,+21.058115080E+00
+93.400E-06,+11.962311655E+00,+20.857110053E+00
+93.500E-06,+11.962311655E+00,+21.058115080E+00
+93.600E-06,+12.163316682E+00,+21.058115080E+00
+93.700E-06,+12.163316682E+00,+20.885825057E+00
+93.800E-06,+12.105886674E+00,+20.857110053E+00
+93.900E-06,+12.163316682E+00,+21.058115080E+00
+94.000E-06,+12.163316682E+00,+21.058115080E+00
+94.100E-06,+12.163316682E+00,+21.058115080E+00
+94.200E-06,+12.163316682E+00,+20.857110053E+00
+94.300E-06,+12.077171671E+00,+20.971970069E+00
+94.400E-06,+11.991026659E+00,+21.086830084E+00
+94.500E-06,+12.163316682E+00,+21.058115080E+00
+94.600E-06,+12.163316682E+00,+21.115545088E+00
+94.700E-06,+12.163316682E+00,+21.230405103E+00
+94.800E-06,+11.962311655E+00,+21.058115080E+00
+94.900E-06,+11.962311655E+00,+21.058115080E+00
+95.000E-06,+11.962311655E+00,+21.172975095E+00
+95.100E-06,+12.163316682E+00,+21.086830084E+00
+95.200E-06,+12.105886674E+00,+21.115545088E+00
+95.300E-06,+12.019741663E+00,+21.259120107E+00
+95.400E-06,+11.818736636E+00,+21.029400076E+00
+95.500E-06,+12.163316682E+00,+21.058115080E+00
+95.600E-06,+12.163316682E+00,+21.259120107E+00
+95.700E-06,+12.163316682E+00,+21.259120107E+00
+95.800E-06,+11.933596651E+00,+20.943255065E+00
+95.900E-06,+12.163316682E+00,+21.058115080E+00
+96.000E-06,+12.306891701E+00,+21.000685072E+00
+96.100E-06,+11.962311655E+00,+21.201690099E+00
+96.200E-06,+12.048456667E+00,+20.971970068E+00
+96.300E-06,+11.962311655E+00,+21.460125133E+00
+96.400E-06,+12.163316682E+00,+21.058115080E+00
+96.500E-06,+11.962311655E+00,+21.230405103E+00
+96.600E-06,+12.019741663E+00,+21.115545088E+00
+96.700E-06,+12.105886674E+00,+21.259120107E+00
+96.800E-06,+12.163316682E+00,+21.058115080E+00
+96.900E-06,+12.077171670E+00,+21.058115080E+00
+97.000E-06,+11.962311655E+00,+21.259120107E+00
+97.100E-06,+12.163316682E+00,+21.259120107E+00
+97.200E-06,+12.163316682E+00,+21.259120107E+00
+97.300E-06,+12.105886674E+00,+21.259120107E+00
+97.400E-06,+12.163316682E+00,+21.259120107E+00
+97.500E-06,+12.163316682E+00,+21.259120107E+00
+97.600E-06,+12.192031686E+00,+21.259120107E+00
+97.700E-06,+12.163316682E+00,+21.259120107E+00
+97.800E-06,+12.163316682E+00,+21.058115080E+00
+97.900E-06,+12.163316682E+00,+21.259120107E+00
+98.000E-06,+12.105886674E+00,+21.259120107E+00
+98.100E-06,+12.105886674E+00,+21.115545088E+00
+98.200E-06,+11.962311655E+00,+21.029400076E+00
+98.300E-06,+12.077171670E+00,+21.058115080E+00
+98.400E-06,+12.163316682E+00,+21.058115080E+00
+98.500E-06,+11.962311655E+00,+20.943255065E+00
+98.600E-06,+11.962311655E+00,+21.230405103E+00
+98.700E-06,+12.163316682E+00,+21.115545088E+00
+98.800E-06,+12.163316682E+00,+21.201690099E+00
+98.900E-06,+12.192031686E+00,+21.259120107E+00
+99.000E-06,+12.163316682E+00,+21.144260092E+00
+99.100E-06,+12.163316682E+00,+21.259120107E+00
+99.200E-06,+12.163316682E+00,+21.058115080E+00
+99.300E-06,+12.364321709E+00,+21.259120107E+00
+99.400E-06,+12.019741663E+00,+21.115545088E+00
+99.500E-06,+12.105886674E+00,+21.000685072E+00
+99.600E-06,+11.933596652E+00,+21.287835110E+00
+99.700E-06,+12.163316682E+00,+21.144260092E+00
+99.800E-06,+12.163316682E+00,+21.058115080E+00
+99.900E-06,+11.962311655E+00,+21.259120107E+00
+100.000E-06,+12.163316682E+00,+21.259120107E+00
+100.100E-06,+12.163316682E+00,+21.402695126E+00
+100.200E-06,+11.962311655E+00,+21.115545088E+00
+100.300E-06,+12.163316682E+00,+21.287835110E+00
+100.400E-06,+11.962311655E+00,+21.345265118E+00
+100.500E-06,+12.163316682E+00,+21.460125133E+00
+100.600E-06,+12.249461693E+00,+21.345265118E+00
+100.700E-06,+12.192031686E+00,+21.259120107E+00
+100.800E-06,+12.306891701E+00,+21.259120107E+00
+100.900E-06,+12.220746690E+00,+21.402695126E+00
+101.000E-06,+12.134601678E+00,+21.259120107E+00
+101.100E-06,+12.249461694E+00,+21.373980122E+00
+101.200E-06,+11.761306629E+00,+21.259120107E+00
+101.300E-06,+12.077171671E+00,+21.287835111E+00
+101.400E-06,+11.761306629E+00,+21.086830084E+00
+101.500E-06,+12.019741663E+00,+21.201690099E+00
+101.600E-06,+12.105886674E+00,+21.402695126E+00
+101.700E-06,+12.163316682E+00,+21.058115080E+00
+101.800E-06,+12.048456667E+00,+21.373980122E+00
+101.900E-06,+12.163316682E+00,+21.259120107E+00
+102.000E-06,+12.048456667E+00,+21.259120107E+00
+102.100E-06,+12.163316682E+00,+21.431410129E+00
+102.200E-06,+12.163316682E+00,+21.259120107E+00
+102.300E-06,+12.163316682E+00,+21.402695126E+00
+102.400E-06,+12.163316682E+00,+21.259120107E+00
+102.500E-06,+12.364321709E+00,+21.460125133E+00
+102.600E-06,+12.163316682E+00,+21.058115080E+00
+102.700E-06,+12.163316682E+00,+21.259120107E+00
+102.800E-06,+12.163316682E+00,+21.230405103E+00
+102.900E-06,+11.962311655E+00,+21.259120107E+00
+103.000E-06,+12.163316682E+00,+21.201690099E+00
+103.100E-06,+12.163316682E+00,+21.230405103E+00
+103.200E-06,+12.077171670E+00,+21.259120107E+00
+103.300E-06,+12.163316682E+00,+21.460125133E+00
+103.400E-06,+11.962311655E+00,+21.373980122E+00
+103.500E-06,+12.192031686E+00,+21.230405103E+00
+103.600E-06,+12.163316682E+00,+21.172975095E+00
+103.700E-06,+12.306891701E+00,+21.316550114E+00
+103.800E-06,+12.163316682E+00,+21.460125133E+00
+103.900E-06,+12.163316682E+00,+21.345265118E+00
+104.000E-06,+12.163316682E+00,+21.460125133E+00
+104.100E-06,+12.163316682E+00,+21.259120107E+00
+104.200E-06,+12.192031686E+00,+21.259120107E+00
+104.300E-06,+12.019741663E+00,+21.115545088E+00
+104.400E-06,+12.364321709E+00,+21.316550114E+00
+104.500E-06,+12.019741663E+00,+21.259120107E+00
+104.600E-06,+12.077171670E+00,+21.172975095E+00
+104.700E-06,+11.962311655E+00,+21.259120107E+00
+104.800E-06,+12.048456667E+00,+21.058115080E+00
+104.900E-06,+12.163316682E+00,+21.259120107E+00
+105.000E-06,+12.048456667E+00,+21.259120107E+00
+105.100E-06,+11.962311655E+00,+21.402695126E+00
+105.200E-06,+12.163316682E+00,+21.287835110E+00
+105.300E-06,+12.163316682E+00,+21.259120107E+00
+105.400E-06,+11.962311655E+00,+21.460125133E+00
+105.500E-06,+12.364321709E+00,+21.172975095E+00
+105.600E-06,+12.163316682E+00,+21.460125133E+00
+105.700E-06,+12.306891701E+00,+21.402695126E+00
+105.800E-06,+12.163316682E+00,+21.259120107E+00
+105.900E-06,+12.163316682E+00,+21.058115080E+00
+106.000E-06,+12.163316682E+00,+21.259120107E+00
+106.100E-06,+11.962311655E+00,+21.460125133E+00
+106.200E-06,+12.249461693E+00,+21.373980122E+00
+106.300E-06,+11.991026659E+00,+21.460125133E+00
+106.400E-06,+12.019741663E+00,+21.115545088E+00
+106.500E-06,+12.019741663E+00,+21.460125133E+00
+106.600E-06,+12.134601678E+00,+21.460125133E+00
+106.700E-06,+12.163316682E+00,+21.259120107E+00
+106.800E-06,+12.163316682E+00,+21.259120107E+00
+106.900E-06,+12.249461693E+00,+21.373980122E+00
+107.000E-06,+12.192031686E+00,+21.287835111E+00
+107.100E-06,+12.163316682E+00,+21.517555141E+00
+107.200E-06,+12.163316682E+00,+21.603700152E+00
+107.300E-06,+12.192031686E+00,+21.460125133E+00
+107.400E-06,+12.163316682E+00,+21.373980122E+00
+107.500E-06,+12.163316682E+00,+21.460125133E+00
+107.600E-06,+12.249461693E+00,+21.345265118E+00
+107.700E-06,+11.962311655E+00,+21.086830084E+00
+107.800E-06,+12.019741663E+00,+21.316550114E+00
+107.900E-06,+12.105886674E+00,+21.316550114E+00
+108.000E-06,+12.192031686E+00,+21.259120107E+00
+108.100E-06,+11.962311655E+00,+21.460125133E+00
+108.200E-06,+12.163316682E+00,+21.058115080E+00
+108.300E-06,+12.163316682E+00,+21.460125133E+00
+108.400E-06,+12.364321709E+00,+21.287835111E+00
+108.500E-06,+12.105886674E+00,+21.259120107E+00
+108.600E-06,+12.019741663E+00,+21.402695126E+00
+108.700E-06,+12.335606705E+00,+21.259120107E+00
+108.800E-06,+11.962311655E+00,+21.259120107E+00
+108.900E-06,+12.364321709E+00,+21.460125133E+00
+109.000E-06,+12.048456667E+00,+21.345265118E+00
+109.100E-06,+12.163316682E+00,+21.460125133E+00
+109.200E-06,+12.163316682E+00,+21.259120107E+00
+109.300E-06,+12.163316682E+00,+21.172975095E+00
+109.400E-06,+12.134601678E+00,+21.632415156E+00
+109.500E-06,+12.077171670E+00,+21.259120107E+00
+109.600E-06,+11.962311655E+00,+21.058115080E+00
+109.700E-06,+12.077171671E+00,+21.460125133E+00
+109.800E-06,+12.134601678E+00,+21.287835111E+00
+109.900E-06,+12.163316682E+00,+21.517555141E+00
+110.000E-06,+12.163316682E+00,+21.661130160E+00
+110.100E-06,+12.163316682E+00,+21.460125133E+00
+110.200E-06,+12.163316682E+00,+21.345265118E+00
+110.300E-06,+11.962311655E+00,+21.460125133E+00
+110.400E-06,+12.249461693E+00,+21.546270145E+00
+110.500E-06,+12.192031686E+00,+21.431410129E+00
+110.600E-06,+12.163316682E+00,+21.460125133E+00
+110.700E-06,+12.163316682E+00,+21.316550114E+00
+110.800E-06,+12.163316682E+00,+21.431410130E+00
+110.900E-06,+12.163316682E+00,+21.373980122E+00
+111.000E-06,+12.163316682E+00,+21.259120107E+00
+111.100E-06,+12.163316682E+00,+21.661130160E+00
+111.200E-06,+12.134601678E+00,+21.488840137E+00
+111.300E-06,+12.220746690E+00,+21.517555141E+00
+111.400E-06,+12.019741663E+00,+21.259120107E+00
+111.500E-06,+12.163316682E+00,+21.259120107E+00
+111.600E-06,+12.249461694E+00,+21.345265118E+00
+111.700E-06,+11.962311655E+00,+21.460125133E+00
+111.800E-06,+12.364321709E+00,+21.345265118E+00
+111.900E-06,+12.192031686E+00,+21.460125133E+00
+112.000E-06,+12.163316682E+00,+21.316550114E+00
+112.100E-06,+12.105886674E+00,+21.058115080E+00
+112.200E-06,+12.192031686E+00,+21.287835110E+00
+112.300E-06,+12.249461694E+00,+21.460125133E+00
+112.400E-06,+12.364321709E+00,+21.661130160E+00
+112.500E-06,+12.163316682E+00,+21.460125133E+00
+112.600E-06,+12.163316682E+00,+21.431410129E+00
+112.700E-06,+12.163316682E+00,+21.402695126E+00
+112.800E-06,+12.163316682E+00,+21.517555141E+00
+112.900E-06,+12.163316682E+00,+21.287835110E+00
+113.000E-06,+12.278176697E+00,+21.460125133E+00
+113.100E-06,+11.962311655E+00,+21.661130160E+00
+113.200E-06,+12.163316682E+00,+21.259120107E+00
+113.300E-06,+12.163316682E+00,+21.460125133E+00
+113.400E-06,+12.163316682E+00,+21.402695126E+00
+113.500E-06,+12.220746690E+00,+21.259120107E+00
+113.600E-06,+12.163316682E+00,+21.661130160E+00
+113.700E-06,+12.048456667E+00,+21.574985149E+00
+113.800E-06,+12.163316682E+00,+21.460125133E+00
+113.900E-06,+12.163316682E+00,+21.661130160E+00
+114.000E-06,+12.134601678E+00,+21.287835111E+00
+114.100E-06,+12.163316682E+00,+21.201690099E+00
+114.200E-06,+12.163316682E+00,+21.460125133E+00
+114.300E-06,+12.192031686E+00,+21.259120107E+00
+114.400E-06,+11.962311655E+00,+21.460125133E+00
+114.500E-06,+12.163316682E+00,+21.259120107E+00
+114.600E-06,+12.048456667E+00,+21.460125133E+00
+114.700E-06,+12.335606705E+00,+21.431410129E+00
+114.800E-06,+12.163316682E+00,+21.603700153E+00
+114.900E-06,+12.306891701E+00,+21.460125133E+00
+115.000E-06,+12.163316682E+00,+21.488840137E+00
+115.100E-06,+12.163316682E+00,+21.259120107E+00
+115.200E-06,+12.163316682E+00,+21.259120107E+00
+115.300E-06,+12.364321709E+00,+21.546270145E+00
+115.400E-06,+12.163316682E+00,+21.632415156E+00
+115.500E-06,+12.163316682E+00,+21.460125133E+00
+115.600E-06,+12.019741663E+00,+21.316550114E+00
+115.700E-06,+12.192031686E+00,+21.460125133E+00
+115.800E-06,+12.163316682E+00,+21.373980122E+00
+115.900E-06,+12.163316682E+00,+21.661130160E+00
+116.000E-06,+11.962311655E+00,+21.460125133E+00
+116.100E-06,+11.962311655E+00,+21.632415156E+00
+116.200E-06,+12.077171670E+00,+21.259120107E+00
+116.300E-06,+12.163316682E+00,+21.402695126E+00
+116.400E-06,+11.962311655E+00,+21.460125133E+00
+116.500E-06,+12.163316682E+00,+21.661130160E+00
+116.600E-06,+12.364321709E+00,+21.259120107E+00
+116.700E-06,+12.077171671E+00,+21.345265118E+00
+116.800E-06,+12.335606705E+00,+21.488840137E+00
+116.900E-06,+12.163316682E+00,+21.460125133E+00
+117.000E-06,+12.163316682E+00,+21.661130160E+00
+117.100E-06,+11.991026659E+00,+21.661130160E+00
+117.200E-06,+12.048456667E+00,+21.546270145E+00
+117.300E-06,+12.163316682E+00,+21.460125133E+00
+117.400E-06,+11.962311655E+00,+21.460125133E+00
+117.500E-06,+12.163316682E+00,+21.460125133E+00
+117.600E-06,+12.163316682E+00,+21.460125133E+00
+117.700E-06,+12.163316682E+00,+21.460125133E+00
+117.800E-06,+12.192031686E+00,+21.460125133E+00
+117.900E-06,+11.933596652E+00,+21.460125133E+00
+118.000E-06,+12.163316682E+00,+21.460125133E+00
+118.100E-06,+12.163316682E+00,+21.373980122E+00
+118.200E-06,+12.393036713E+00,+21.460125133E+00
+118.300E-06,+12.163316682E+00,+21.316550114E+00
+118.400E-06,+12.163316682E+00,+21.517555141E+00
+118.500E-06,+12.163316682E+00,+21.632415156E+00
+118.600E-06,+12.278176697E+00,+21.460125133E+00
+118.700E-06,+12.163316682E+00,+21.259120107E+00
+118.800E-06,+12.163316682E+00,+21.460125133E+00
+118.900E-06,+12.163316682E+00,+21.488840137E+00
+119.000E-06,+12.163316682E+00,+21.460125133E+00
+119.100E-06,+12.306891701E+00,+21.603700152E+00
+119.200E-06,+12.163316682E+00,+21.460125133E+00
+119.300E-06,+12.163316682E+00,+21.574985149E+00
+119.400E-06,+12.163316682E+00,+21.460125133E+00
+119.500E-06,+12.163316682E+00,+21.546270145E+00
+119.600E-06,+12.192031686E+00,+21.460125133E+00
+119.700E-06,+12.105886674E+00,+21.460125133E+00
+119.800E-06,+12.163316682E+00,+21.460125133E+00
+119.900E-06,+12.192031686E+00,+21.431410130E+00
+120.000E-06,+12.364321709E+00,+21.546270145E+00
+120.100E-06,+12.364321709E+00,+21.460125133E+00
+120.200E-06,+12.163316682E+00,+21.546270145E+00
+120.300E-06,+12.163316682E+00,+21.287835111E+00
+120.400E-06,+12.163316682E+00,+21.460125133E+00
+120.500E-06,+12.364321709E+00,+21.259120107E+00
+120.600E-06,+12.192031686E+00,+21.488840137E+00
+120.700E-06,+12.278176697E+00,+21.460125133E+00
+120.800E-06,+12.163316682E+00,+21.460125133E+00
+120.900E-06,+12.278176697E+00,+21.546270145E+00
+121.000E-06,+12.163316682E+00,+21.488840137E+00
+121.100E-06,+12.163316682E+00,+21.460125133E+00
+121.200E-06,+12.163316682E+00,+21.603700152E+00
+121.300E-06,+12.163316682E+00,+21.488840137E+00
+121.400E-06,+12.249461694E+00,+21.373980122E+00
+121.500E-06,+12.163316682E+00,+21.661130160E+00
+121.600E-06,+12.163316682E+00,+21.574985149E+00
+121.700E-06,+12.393036713E+00,+21.460125133E+00
+121.800E-06,+12.019741663E+00,+21.661130160E+00
+121.900E-06,+12.220746690E+00,+21.316550114E+00
+122.000E-06,+12.163316682E+00,+21.460125133E+00
+122.100E-06,+12.077171670E+00,+21.661130160E+00
+122.200E-06,+12.163316682E+00,+21.460125133E+00
+122.300E-06,+12.163316682E+00,+21.661130160E+00
+122.400E-06,+12.163316682E+00,+21.632415156E+00
+122.500E-06,+12.163316682E+00,+21.460125133E+00
+122.600E-06,+12.105886674E+00,+21.517555141E+00
+122.700E-06,+12.192031686E+00,+21.460125133E+00
+122.800E-06,+12.163316682E+00,+21.632415157E+00
+122.900E-06,+12.163316682E+00,+21.460125133E+00
+123.000E-06,+12.163316682E+00,+21.259120107E+00
+123.100E-06,+12.163316682E+00,+21.460125133E+00
+123.200E-06,+12.220746689E+00,+21.460125133E+00
+123.300E-06,+12.220746690E+00,+21.603700152E+00
+123.400E-06,+12.192031686E+00,+21.661130160E+00
+123.500E-06,+12.077171670E+00,+21.488840137E+00
+123.600E-06,+12.163316682E+00,+21.460125134E+00
+123.700E-06,+12.163316682E+00,+21.546270145E+00
+123.800E-06,+12.335606705E+00,+21.661130160E+00
+123.900E-06,+12.364321709E+00,+21.460125133E+00
+124.000E-06,+12.105886674E+00,+21.603700152E+00
+124.100E-06,+11.991026659E+00,+21.804705179E+00
+124.200E-06,+12.278176697E+00,+21.488840137E+00
+124.300E-06,+12.163316682E+00,+21.460125133E+00
+124.400E-06,+12.163316682E+00,+21.460125133E+00
+124.500E-06,+12.192031686E+00,+21.661130160E+00
+124.600E-06,+12.220746689E+00,+21.460125133E+00
+124.700E-06,+12.306891701E+00,+21.402695126E+00
+124.800E-06,+12.163316682E+00,+21.460125133E+00
+124.900E-06,+12.249461694E+00,+21.574985149E+00
+125.000E-06,+12.364321709E+00,+21.460125133E+00
+125.100E-06,+12.249461693E+00,+21.431410129E+00
+125.200E-06,+12.335606705E+00,+21.517555141E+00
+125.300E-06,+12.220746689E+00,+21.460125133E+00
+125.400E-06,+12.450466720E+00,+21.661130160E+00
+125.500E-06,+12.163316682E+00,+21.460125133E+00
+125.600E-06,+12.278176697E+00,+21.661130160E+00
+125.700E-06,+11.962311655E+00,+21.661130160E+00
+125.800E-06,+12.249461693E+00,+21.431410129E+00
+125.900E-06,+12.163316682E+00,+21.488840137E+00
+126.000E-06,+12.306891701E+00,+21.402695126E+00
+126.100E-06,+12.163316682E+00,+21.603700152E+00
+126.200E-06,+12.364321709E+00,+21.460125133E+00
+126.300E-06,+12.163316682E+00,+21.460125133E+00
+126.400E-06,+12.364321709E+00,+21.460125133E+00
+126.500E-06,+12.278176697E+00,+21.661130160E+00
+126.600E-06,+12.364321709E+00,+21.460125133E+00
+126.700E-06,+12.163316682E+00,+21.460125133E+00
+126.800E-06,+12.306891701E+00,+21.661130160E+00
+126.900E-06,+12.335606705E+00,+21.431410130E+00
+127.000E-06,+12.163316682E+00,+21.661130160E+00
+127.100E-06,+12.163316682E+00,+21.460125133E+00
+127.200E-06,+12.192031686E+00,+21.661130160E+00
+127.300E-06,+12.163316682E+00,+21.488840137E+00
+127.400E-06,+12.163316682E+00,+21.661130160E+00
+127.500E-06,+12.105886674E+00,+21.517555141E+00
+127.600E-06,+12.364321709E+00,+21.460125133E+00
+127.700E-06,+12.163316682E+00,+21.546270145E+00
+127.800E-06,+12.364321708E+00,+21.460125134E+00
+127.900E-06,+12.364321709E+00,+21.775990175E+00
+128.000E-06,+12.163316682E+00,+21.661130160E+00
+128.100E-06,+12.364321709E+00,+21.661130160E+00
+128.200E-06,+12.306891701E+00,+21.603700152E+00
+128.300E-06,+12.335606705E+00,+21.632415156E+00
+128.400E-06,+12.450466720E+00,+21.632415157E+00
+128.500E-06,+12.364321709E+00,+21.661130160E+00
+128.600E-06,+12.163316682E+00,+21.689845164E+00
+128.700E-06,+12.335606705E+00,+21.517555141E+00
+128.800E-06,+12.306891701E+00,+21.460125133E+00
+128.900E-06,+12.163316682E+00,+21.718560168E+00
+129.000E-06,+12.163316682E+00,+21.661130160E+00
+129.100E-06,+12.249461694E+00,+21.345265118E+00
+129.200E-06,+12.163316682E+00,+21.661130160E+00
+129.300E-06,+11.962311655E+00,+21.574985149E+00
+129.400E-06,+12.163316682E+00,+21.632415156E+00
+129.500E-06,+12.019741663E+00,+21.661130160E+00
+129.600E-06,+12.364321709E+00,+21.661130160E+00
+129.700E-06,+12.335606705E+00,+21.661130160E+00
+129.800E-06,+12.364321709E+00,+21.546270145E+00
+129.900E-06,+12.163316682E+00,+21.460125133E+00
+130.000E-06,+12.364321709E+00,+21.661130160E+00
+130.100E-06,+12.364321709E+00,+21.661130160E+00
+130.200E-06,+12.220746689E+00,+21.603700153E+00
+130.300E-06,+12.220746690E+00,+21.460125133E+00
+130.400E-06,+12.163316682E+00,+21.488840137E+00
+130.500E-06,+12.278176697E+00,+21.948280198E+00
+130.600E-06,+11.962311655E+00,+21.661130160E+00
+130.700E-06,+12.278176697E+00,+21.546270145E+00
+130.800E-06,+12.192031686E+00,+21.460125133E+00
+130.900E-06,+12.364321709E+00,+21.316550114E+00
+131.000E-06,+12.306891701E+00,+21.804705179E+00
+131.100E-06,+12.192031686E+00,+21.460125133E+00
+131.200E-06,+12.249461694E+00,+21.661130160E+00
+131.300E-06,+12.163316682E+00,+21.862135187E+00
+131.400E-06,+12.249461693E+00,+21.661130160E+00
+131.500E-06,+12.335606705E+00,+21.833420183E+00
+131.600E-06,+12.364321709E+00,+21.603700153E+00
+131.700E-06,+12.163316682E+00,+21.603700152E+00
+131.800E-06,+12.163316682E+00,+21.632415156E+00
+131.900E-06,+12.163316682E+00,+21.460125133E+00
+132.000E-06,+12.163316682E+00,+21.460125133E+00
+132.100E-06,+12.163316682E+00,+21.661130160E+00
+132.200E-06,+12.192031686E+00,+21.661130160E+00
+132.300E-06,+12.163316682E+00,+21.460125133E+00
+132.400E-06,+12.163316682E+00,+21.316550114E+00
+132.500E-06,+12.163316682E+00,+21.632415156E+00
+132.600E-06,+12.249461694E+00,+21.546270145E+00
+132.700E-06,+12.163316682E+00,+21.460125133E+00
+132.800E-06,+12.163316682E+00,+21.546270145E+00
+132.900E-06,+12.335606705E+00,+21.488840137E+00
+133.000E-06,+12.364321709E+00,+21.574985148E+00
+133.100E-06,+12.364321709E+00,+21.517555141E+00
+133.200E-06,+12.335606705E+00,+21.488840137E+00
+133.300E-06,+12.565326735E+00,+21.661130160E+00
+133.400E-06,+12.163316682E+00,+21.661130160E+00
+133.500E-06,+12.364321709E+00,+21.775990175E+00
+133.600E-06,+12.335606705E+00,+21.488840137E+00
+133.700E-06,+12.105886674E+00,+21.517555141E+00
+133.800E-06,+12.220746690E+00,+21.661130160E+00
+133.900E-06,+12.335606705E+00,+21.632415156E+00
+134.000E-06,+12.278176697E+00,+21.460125133E+00
+134.100E-06,+12.163316682E+00,+21.460125133E+00
+134.200E-06,+12.364321709E+00,+21.661130160E+00
+134.300E-06,+12.163316682E+00,+21.460125133E+00
+134.400E-06,+12.220746689E+00,+21.718560168E+00
+134.500E-06,+12.163316682E+00,+21.718560168E+00
+134.600E-06,+12.393036712E+00,+21.833420183E+00
+134.700E-06,+12.364321709E+00,+21.460125133E+00
+134.800E-06,+12.163316682E+00,+21.460125134E+00
+134.900E-06,+12.364321709E+00,+21.747275171E+00
+135.000E-06,+12.335606705E+00,+21.632415156E+00
+135.100E-06,+12.450466720E+00,+21.661130160E+00
+135.200E-06,+12.220746690E+00,+21.661130160E+00
+135.300E-06,+12.163316682E+00,+21.460125133E+00
+135.400E-06,+12.364321709E+00,+21.661130160E+00
+135.500E-06,+12.163316682E+00,+21.460125134E+00
+135.600E-06,+12.163316682E+00,+21.775990175E+00
+135.700E-06,+12.192031686E+00,+21.488840137E+00
+135.800E-06,+12.163316682E+00,+21.373980122E+00
+135.900E-06,+12.163316682E+00,+21.517555141E+00
+136.000E-06,+12.192031686E+00,+21.517555141E+00
+136.100E-06,+12.364321709E+00,+21.460125133E+00
+136.200E-06,+12.364321709E+00,+21.661130160E+00
+136.300E-06,+12.163316682E+00,+21.661130160E+00
+136.400E-06,+12.163316682E+00,+21.488840137E+00
+136.500E-06,+12.163316682E+00,+21.603700153E+00
+136.600E-06,+12.220746690E+00,+21.804705179E+00
+136.700E-06,+12.335606705E+00,+21.460125133E+00
+136.800E-06,+12.278176697E+00,+21.775990175E+00
+136.900E-06,+12.364321709E+00,+21.661130160E+00
+137.000E-06,+12.249461693E+00,+21.460125133E+00
+137.100E-06,+12.364321709E+00,+21.632415156E+00
+137.200E-06,+12.163316682E+00,+21.517555141E+00
+137.300E-06,+12.163316682E+00,+21.747275171E+00
+137.400E-06,+12.364321709E+00,+21.460125133E+00
+137.500E-06,+12.249461694E+00,+21.574985149E+00
+137.600E-06,+12.163316682E+00,+21.661130160E+00
+137.700E-06,+12.163316682E+00,+21.661130160E+00
+137.800E-06,+12.393036713E+00,+21.460125133E+00
+137.900E-06,+12.306891701E+00,+21.316550114E+00
+138.000E-06,+12.220746690E+00,+21.316550114E+00
+138.100E-06,+12.364321709E+00,+21.460125133E+00
+138.200E-06,+12.364321709E+00,+21.373980122E+00
+138.300E-06,+12.163316682E+00,+21.661130160E+00
+138.400E-06,+12.364321709E+00,+21.460125133E+00
+138.500E-06,+12.163316682E+00,+21.259120107E+00
+138.600E-06,+12.364321709E+00,+21.661130160E+00
+138.700E-06,+11.962311655E+00,+21.661130160E+00
+138.800E-06,+12.364321709E+00,+21.689845164E+00
+138.900E-06,+12.048456667E+00,+21.574985149E+00
+139.000E-06,+12.163316682E+00,+21.259120107E+00
+139.100E-06,+12.278176697E+00,+21.460125133E+00
+139.200E-06,+12.163316682E+00,+21.632415156E+00
+139.300E-06,+12.306891701E+00,+21.718560168E+00
+139.400E-06,+12.364321709E+00,+21.661130160E+00
+139.500E-06,+12.364321709E+00,+21.460125133E+00
+139.600E-06,+12.278176697E+00,+21.546270145E+00
+139.700E-06,+12.364321709E+00,+21.661130160E+00
+139.800E-06,+12.364321709E+00,+21.747275171E+00
+139.900E-06,+12.364321709E+00,+21.632415156E+00
+140.000E-06,+12.306891701E+00,+21.603700153E+00
+140.100E-06,+12.565326735E+00,+21.517555141E+00
+140.200E-06,+12.163316682E+00,+21.833420183E+00
+140.300E-06,+12.278176697E+00,+21.460125133E+00
+140.400E-06,+12.364321709E+00,+21.661130160E+00
+140.500E-06,+12.163316682E+00,+21.661130160E+00
+140.600E-06,+12.306891701E+00,+21.488840137E+00
+140.700E-06,+12.163316682E+00,+21.603700153E+00
+140.800E-06,+12.306891701E+00,+21.517555141E+00
+140.900E-06,+12.364321709E+00,+21.661130160E+00
+141.000E-06,+12.163316682E+00,+21.574985149E+00
+141.100E-06,+12.163316682E+00,+21.661130160E+00
+141.200E-06,+12.249461693E+00,+21.661130160E+00
+141.300E-06,+12.536611731E+00,+21.488840137E+00
+141.400E-06,+12.364321709E+00,+21.661130160E+00
+141.500E-06,+12.421751716E+00,+21.517555141E+00
+141.600E-06,+12.364321709E+00,+21.661130160E+00
+141.700E-06,+12.335606705E+00,+21.661130160E+00
+141.800E-06,+12.163316682E+00,+21.661130160E+00
+141.900E-06,+12.364321709E+00,+21.574985149E+00
+142.000E-06,+12.364321709E+00,+21.460125133E+00
+142.100E-06,+12.364321709E+00,+21.661130160E+00
+142.200E-06,+12.306891701E+00,+21.661130160E+00
+142.300E-06,+12.364321709E+00,+21.488840137E+00
+142.400E-06,+12.364321709E+00,+21.775990175E+00
+142.500E-06,+12.565326735E+00,+21.661130160E+00
+142.600E-06,+12.163316682E+00,+21.632415156E+00
+142.700E-06,+12.192031686E+00,+21.862135187E+00
+142.800E-06,+12.364321709E+00,+21.517555141E+00
+142.900E-06,+12.278176698E+00,+21.661130160E+00
+143.000E-06,+12.335606705E+00,+21.689845164E+00
+143.100E-06,+12.450466720E+00,+21.574985149E+00
+143.200E-06,+12.364321709E+00,+21.862135187E+00
+143.300E-06,+12.163316682E+00,+21.574985149E+00
+143.400E-06,+12.163316682E+00,+21.632415156E+00
+143.500E-06,+12.163316682E+00,+21.862135187E+00
+143.600E-06,+12.163316682E+00,+21.517555141E+00
+143.700E-06,+12.163316682E+00,+21.661130160E+00
+143.800E-06,+12.364321709E+00,+21.661130160E+00
+143.900E-06,+12.364321709E+00,+21.460125134E+00
+144.000E-06,+12.163316682E+00,+21.546270145E+00
+144.100E-06,+11.991026659E+00,+21.460125133E+00
+144.200E-06,+12.163316682E+00,+21.718560168E+00
+144.300E-06,+12.220746690E+00,+21.661130160E+00
+144.400E-06,+12.364321709E+00,+21.661130160E+00
+144.500E-06,+12.278176697E+00,+21.546270145E+00
+144.600E-06,+12.364321709E+00,+21.862135187E+00
+144.700E-06,+12.163316682E+00,+21.574985149E+00
+144.800E-06,+12.393036713E+00,+21.833420183E+00
+144.900E-06,+12.163316682E+00,+21.804705179E+00
+145.000E-06,+12.306891701E+00,+21.603700152E+00
+145.100E-06,+12.364321709E+00,+21.488840137E+00
+145.200E-06,+12.278176697E+00,+21.460125133E+00
+145.300E-06,+12.163316682E+00,+21.460125133E+00
+145.400E-06,+12.278176697E+00,+21.460125133E+00
+145.500E-06,+12.163316682E+00,+21.661130160E+00
+145.600E-06,+12.421751716E+00,+21.718560168E+00
+145.700E-06,+12.220746690E+00,+21.460125133E+00
+145.800E-06,+12.163316682E+00,+21.460125133E+00
+145.900E-06,+12.364321709E+00,+21.661130160E+00
+146.000E-06,+12.364321709E+00,+21.661130160E+00
+146.100E-06,+12.364321709E+00,+21.546270145E+00
+146.200E-06,+12.364321709E+00,+21.661130160E+00
+146.300E-06,+12.163316682E+00,+21.460125133E+00
+146.400E-06,+12.364321709E+00,+21.661130160E+00
+146.500E-06,+12.364321709E+00,+21.833420183E+00
+146.600E-06,+12.163316682E+00,+21.661130160E+00
+146.700E-06,+12.163316682E+00,+21.460125133E+00
+146.800E-06,+12.364321709E+00,+21.546270145E+00
+146.900E-06,+12.192031686E+00,+21.862135187E+00
+147.000E-06,+12.306891701E+00,+21.718560168E+00
+147.100E-06,+12.163316682E+00,+21.460125133E+00
+147.200E-06,+12.364321709E+00,+21.460125133E+00
+147.300E-06,+12.278176697E+00,+21.546270145E+00
+147.400E-06,+12.364321709E+00,+21.862135187E+00
+147.500E-06,+12.364321709E+00,+21.661130160E+00
+147.600E-06,+12.335606705E+00,+21.517555141E+00
+147.700E-06,+12.364321709E+00,+21.603700153E+00
+147.800E-06,+12.421751716E+00,+21.862135187E+00
+147.900E-06,+12.335606705E+00,+21.431410130E+00
+148.000E-06,+12.163316682E+00,+21.517555142E+00
+148.100E-06,+12.163316682E+00,+21.661130160E+00
+148.200E-06,+12.249461693E+00,+21.632415156E+00
+148.300E-06,+12.507896727E+00,+21.862135187E+00
+148.400E-06,+12.220746689E+00,+21.517555141E+00
+148.500E-06,+12.364321709E+00,+21.661130160E+00
+148.600E-06,+12.364321709E+00,+21.431410130E+00
+148.700E-06,+12.450466720E+00,+21.661130160E+00
+148.800E-06,+12.163316682E+00,+21.460125134E+00
+148.900E-06,+12.249461693E+00,+21.373980122E+00
+149.000E-06,+12.192031686E+00,+21.661130160E+00
+149.100E-06,+12.507896728E+00,+21.661130160E+00
+149.200E-06,+12.364321709E+00,+21.661130160E+00
+149.300E-06,+12.364321709E+00,+21.460125133E+00
+149.400E-06,+12.565326735E+00,+21.373980122E+00
+149.500E-06,+12.565326735E+00,+21.661130160E+00
+149.600E-06,+12.163316682E+00,+21.661130160E+00
+149.700E-06,+12.393036713E+00,+21.632415156E+00
+149.800E-06,+12.306891701E+00,+21.603700153E+00
+149.900E-06,+12.220746690E+00,+21.661130160E+00
+150.000E-06,+12.163316682E+00,+21.632415156E+00
+150.100E-06,+12.249461694E+00,+21.546270145E+00
+150.200E-06,+12.364321709E+00,+21.661130160E+00
+150.300E-06,+12.163316682E+00,+21.862135187E+00
+150.400E-06,+12.192031686E+00,+21.661130160E+00
+150.500E-06,+12.163316682E+00,+21.718560168E+00
+150.600E-06,+12.220746690E+00,+21.259120107E+00
+150.700E-06,+12.335606705E+00,+22.005710206E+00
+150.800E-06,+12.364321709E+00,+21.574985148E+00
+150.900E-06,+12.565326735E+00,+21.661130160E+00
+151.000E-06,+12.364321709E+00,+21.546270145E+00
+151.100E-06,+12.364321709E+00,+21.488840137E+00
+151.200E-06,+12.364321709E+00,+21.517555141E+00
+151.300E-06,+12.364321709E+00,+21.603700152E+00
+151.400E-06,+12.536611732E+00,+21.460125133E+00
+151.500E-06,+12.048456667E+00,+21.632415157E+00
+151.600E-06,+12.364321709E+00,+21.862135187E+00
+151.700E-06,+12.594041740E+00,+21.689845164E+00
+151.800E-06,+12.335606705E+00,+21.632415156E+00
+151.900E-06,+12.507896728E+00,+21.718560168E+00
+152.000E-06,+12.364321709E+00,+21.517555141E+00
+152.100E-06,+12.364321709E+00,+21.833420183E+00
+152.200E-06,+12.364321709E+00,+21.632415157E+00
+152.300E-06,+12.364321709E+00,+21.460125134E+00
+152.400E-06,+12.364321709E+00,+21.546270145E+00
+152.500E-06,+12.364321709E+00,+21.661130160E+00
+152.600E-06,+12.565326735E+00,+21.661130160E+00
+152.700E-06,+12.622756743E+00,+21.718560168E+00
+152.800E-06,+12.536611732E+00,+21.661130160E+00
+152.900E-06,+12.249461694E+00,+21.546270145E+00
+153.000E-06,+12.364321709E+00,+21.661130160E+00
+153.100E-06,+12.163316682E+00,+21.661130160E+00
+153.200E-06,+12.364321709E+00,+21.661130160E+00
+153.300E-06,+12.220746689E+00,+21.661130160E+00
+153.400E-06,+12.364321709E+00,+21.460125133E+00
+153.500E-06,+12.335606705E+00,+21.460125133E+00
+153.600E-06,+12.479181724E+00,+21.661130160E+00
+153.700E-06,+12.163316682E+00,+21.460125133E+00
+153.800E-06,+12.450466720E+00,+21.373980122E+00
+153.900E-06,+12.364321709E+00,+21.632415156E+00
+154.000E-06,+12.306891701E+00,+21.517555141E+00
+154.100E-06,+12.364321709E+00,+21.718560168E+00
+154.200E-06,+12.163316682E+00,+21.488840137E+00
+154.300E-06,+12.479181724E+00,+21.574985148E+00
+154.400E-06,+12.364321709E+00,+21.661130160E+00
+154.500E-06,+12.364321709E+00,+21.775990176E+00
+154.600E-06,+12.364321709E+00,+21.661130160E+00
+154.700E-06,+12.220746689E+00,+21.603700153E+00
+154.800E-06,+12.364321709E+00,+21.517555141E+00
+154.900E-06,+12.163316682E+00,+21.833420183E+00
+155.000E-06,+12.364321709E+00,+21.574985148E+00
+155.100E-06,+12.364321709E+00,+21.661130160E+00
+155.200E-06,+12.450466720E+00,+21.661130160E+00
+155.300E-06,+12.335606705E+00,+21.862135187E+00
+155.400E-06,+12.220746689E+00,+21.661130160E+00
+155.500E-06,+12.421751716E+00,+21.460125133E+00
+155.600E-06,+12.220746689E+00,+21.632415156E+00
+155.700E-06,+12.364321709E+00,+21.546270145E+00
+155.800E-06,+12.364321709E+00,+21.862135187E+00
+155.900E-06,+12.364321709E+00,+21.862135187E+00
+156.000E-06,+12.393036713E+00,+21.632415156E+00
+156.100E-06,+12.163316682E+00,+21.862135187E+00
+156.200E-06,+12.364321709E+00,+21.661130160E+00
+156.300E-06,+12.393036712E+00,+21.632415156E+00
+156.400E-06,+12.364321709E+00,+21.747275172E+00
+156.500E-06,+12.565326735E+00,+21.460125133E+00
+156.600E-06,+12.249461693E+00,+21.546270145E+00
+156.700E-06,+12.163316682E+00,+21.488840137E+00
+156.800E-06,+12.364321709E+00,+21.804705179E+00
+156.900E-06,+12.364321709E+00,+21.661130160E+00
+157.000E-06,+12.364321709E+00,+21.632415156E+00
+157.100E-06,+12.364321709E+00,+21.574985148E+00
+157.200E-06,+12.163316682E+00,+21.862135187E+00
+157.300E-06,+12.450466720E+00,+21.775990176E+00
+157.400E-06,+12.364321709E+00,+21.862135187E+00
+157.500E-06,+12.163316682E+00,+21.661130160E+00
+157.600E-06,+12.364321709E+00,+21.460125133E+00
+157.700E-06,+12.163316682E+00,+21.833420183E+00
+157.800E-06,+12.450466720E+00,+21.747275172E+00
+157.900E-06,+12.364321709E+00,+21.661130160E+00
+158.000E-06,+12.278176697E+00,+21.661130160E+00
+158.100E-06,+12.364321709E+00,+21.862135187E+00
+158.200E-06,+12.364321709E+00,+21.517555141E+00
+158.300E-06,+12.507896728E+00,+21.517555141E+00
+158.400E-06,+12.536611732E+00,+21.488840137E+00
+158.500E-06,+12.163316682E+00,+21.546270145E+00
+158.600E-06,+12.364321709E+00,+21.862135187E+00
+158.700E-06,+12.479181724E+00,+21.661130160E+00
+158.800E-06,+12.364321709E+00,+21.661130160E+00
+158.900E-06,+12.364321709E+00,+21.661130160E+00
+159.000E-06,+12.220746690E+00,+21.661130160E+00
+159.100E-06,+12.335606705E+00,+21.661130160E+00
+159.200E-06,+12.163316682E+00,+21.546270145E+00
+159.300E-06,+12.565326735E+00,+21.862135187E+00
+159.400E-06,+12.364321709E+00,+21.574985149E+00
+159.500E-06,+12.536611731E+00,+22.005710206E+00
+159.600E-06,+12.306891701E+00,+21.316550114E+00
+159.700E-06,+12.421751716E+00,+21.661130160E+00
+159.800E-06,+12.364321709E+00,+21.661130160E+00
+159.900E-06,+12.364321709E+00,+21.460125133E+00
+160.000E-06,+12.163316682E+00,+21.460125134E+00
+160.100E-06,+12.278176697E+00,+21.661130160E+00
+160.200E-06,+12.708901754E+00,+21.833420183E+00
+160.300E-06,+12.507896728E+00,+21.661130160E+00
+160.400E-06,+12.565326735E+00,+21.603700152E+00
+160.500E-06,+12.364321709E+00,+21.661130160E+00
+160.600E-06,+12.364321709E+00,+21.747275172E+00
+160.700E-06,+12.364321709E+00,+21.661130160E+00
+160.800E-06,+12.364321709E+00,+21.546270145E+00
+160.900E-06,+12.364321709E+00,+21.862135187E+00
+161.000E-06,+12.306891701E+00,+21.718560168E+00
+161.100E-06,+12.364321709E+00,+21.804705179E+00
+161.200E-06,+12.536611732E+00,+21.833420183E+00
+161.300E-06,+12.364321709E+00,+21.546270145E+00
+161.400E-06,+12.163316682E+00,+21.661130160E+00
+161.500E-06,+12.364321709E+00,+21.747275171E+00
+161.600E-06,+12.335606705E+00,+21.661130160E+00
+161.700E-06,+12.507896728E+00,+21.460125133E+00
+161.800E-06,+12.565326735E+00,+21.661130160E+00
+161.900E-06,+12.335606705E+00,+21.661130160E+00
+162.000E-06,+12.278176697E+00,+21.747275172E+00
+162.100E-06,+12.364321709E+00,+21.460125134E+00
+162.200E-06,+12.450466720E+00,+21.775990176E+00
+162.300E-06,+12.192031686E+00,+21.287835111E+00
+162.400E-06,+12.565326735E+00,+21.517555141E+00
+162.500E-06,+12.364321709E+00,+21.661130160E+00
+162.600E-06,+12.163316682E+00,+21.632415156E+00
+162.700E-06,+12.278176697E+00,+21.775990175E+00
+162.800E-06,+12.163316682E+00,+21.661130160E+00
+162.900E-06,+12.364321709E+00,+21.574985149E+00
+163.000E-06,+12.565326735E+00,+21.862135187E+00
+163.100E-06,+12.364321709E+00,+21.718560168E+00
+163.200E-06,+12.507896728E+00,+21.661130160E+00
+163.300E-06,+12.565326735E+00,+21.661130160E+00
+163.400E-06,+12.393036712E+00,+21.661130160E+00
+163.500E-06,+12.364321709E+00,+21.460125134E+00
+163.600E-06,+12.163316682E+00,+21.862135187E+00
+163.700E-06,+12.536611731E+00,+21.661130160E+00
+163.800E-06,+12.364321709E+00,+21.862135187E+00
+163.900E-06,+12.364321709E+00,+21.804705179E+00
+164.000E-06,+12.364321709E+00,+21.517555141E+00
+164.100E-06,+12.364321709E+00,+21.747275172E+00
+164.200E-06,+12.364321708E+00,+21.661130160E+00
+164.300E-06,+12.565326735E+00,+21.661130160E+00
+164.400E-06,+12.364321709E+00,+21.488840137E+00
+164.500E-06,+12.364321709E+00,+21.661130160E+00
+164.600E-06,+12.565326735E+00,+22.005710206E+00
+164.700E-06,+12.565326735E+00,+21.488840137E+00
+164.800E-06,+12.364321709E+00,+21.661130160E+00
+164.900E-06,+12.364321709E+00,+21.661130160E+00
+165.000E-06,+12.565326735E+00,+21.661130160E+00
+165.100E-06,+12.364321709E+00,+21.632415156E+00
+165.200E-06,+12.364321709E+00,+21.603700153E+00
+165.300E-06,+12.364321709E+00,+21.804705179E+00
+165.400E-06,+12.192031686E+00,+21.833420183E+00
+165.500E-06,+12.335606705E+00,+21.661130160E+00
+165.600E-06,+12.364321709E+00,+21.661130160E+00
+165.700E-06,+12.364321709E+00,+21.546270145E+00
+165.800E-06,+12.364321709E+00,+21.661130160E+00
+165.900E-06,+12.364321709E+00,+21.517555141E+00
+166.000E-06,+12.220746690E+00,+21.460125133E+00
+166.100E-06,+12.393036712E+00,+21.488840137E+00
+166.200E-06,+12.278176697E+00,+21.976995202E+00
+166.300E-06,+12.364321709E+00,+21.862135186E+00
+166.400E-06,+12.249461693E+00,+21.661130160E+00
+166.500E-06,+12.536611731E+00,+21.460125133E+00
+166.600E-06,+12.364321709E+00,+21.661130160E+00
+166.700E-06,+12.507896728E+00,+21.661130160E+00
+166.800E-06,+12.393036712E+00,+21.661130160E+00
+166.900E-06,+12.163316682E+00,+21.574985148E+00
+167.000E-06,+12.364321709E+00,+21.661130160E+00
+167.100E-06,+12.278176697E+00,+21.574985149E+00
+167.200E-06,+12.393036713E+00,+21.488840137E+00
+167.300E-06,+12.421751716E+00,+21.804705179E+00
+167.400E-06,+12.364321709E+00,+21.661130160E+00
+167.500E-06,+12.507896728E+00,+21.488840137E+00
+167.600E-06,+12.364321709E+00,+21.661130160E+00
+167.700E-06,+12.163316682E+00,+21.661130160E+00
+167.800E-06,+12.450466720E+00,+21.775990176E+00
+167.900E-06,+12.220746690E+00,+21.661130160E+00
+168.000E-06,+12.364321709E+00,+21.804705179E+00
+168.100E-06,+12.364321709E+00,+21.460125133E+00
+168.200E-06,+12.594041739E+00,+21.689845164E+00
+168.300E-06,+12.364321709E+00,+21.862135187E+00
+168.400E-06,+12.364321709E+00,+21.661130160E+00
+168.500E-06,+12.565326735E+00,+21.661130160E+00
+168.600E-06,+12.335606705E+00,+21.862135187E+00
+168.700E-06,+12.364321709E+00,+21.804705179E+00
+168.800E-06,+12.306891701E+00,+21.661130160E+00
+168.900E-06,+12.163316682E+00,+21.460125133E+00
+169.000E-06,+12.450466720E+00,+21.661130160E+00
+169.100E-06,+12.163316682E+00,+21.862135187E+00
+169.200E-06,+12.364321709E+00,+21.661130160E+00
+169.300E-06,+12.565326735E+00,+21.833420183E+00
+169.400E-06,+12.507896728E+00,+21.862135187E+00
+169.500E-06,+12.708901754E+00,+21.661130160E+00
+169.600E-06,+12.393036712E+00,+21.661130160E+00
+169.700E-06,+12.249461694E+00,+21.546270145E+00
+169.800E-06,+12.364321709E+00,+21.661130160E+00
+169.900E-06,+12.479181724E+00,+21.574985149E+00
+170.000E-06,+12.393036713E+00,+21.661130160E+00
+170.100E-06,+12.364321709E+00,+21.661130160E+00
+170.200E-06,+12.364321709E+00,+21.718560168E+00
+170.300E-06,+12.335606705E+00,+21.460125133E+00
+170.400E-06,+12.565326735E+00,+21.775990175E+00
+170.500E-06,+12.364321709E+00,+21.661130160E+00
+170.600E-06,+12.364321709E+00,+21.775990176E+00
+170.700E-06,+12.364321709E+00,+21.488840137E+00
+170.800E-06,+12.507896728E+00,+21.373980122E+00
+170.900E-06,+12.507896728E+00,+21.661130160E+00
+171.000E-06,+12.364321709E+00,+21.460125133E+00
+171.100E-06,+12.364321709E+00,+21.460125133E+00
+171.200E-06,+12.565326735E+00,+21.661130160E+00
+171.300E-06,+12.364321709E+00,+21.574985149E+00
+171.400E-06,+12.393036713E+00,+21.833420183E+00
+171.500E-06,+12.421751716E+00,+21.661130160E+00
+171.600E-06,+12.364321709E+00,+21.919565195E+00
+171.700E-06,+12.393036712E+00,+21.661130160E+00
+171.800E-06,+12.393036712E+00,+21.661130160E+00
+171.900E-06,+12.364321709E+00,+21.661130160E+00
+172.000E-06,+12.479181724E+00,+21.747275171E+00
+172.100E-06,+12.364321709E+00,+21.661130160E+00
+172.200E-06,+12.364321709E+00,+21.718560168E+00
+172.300E-06,+12.565326735E+00,+21.661130160E+00
+172.400E-06,+12.364321709E+00,+21.661130160E+00
+172.500E-06,+12.364321709E+00,+21.775990175E+00
+172.600E-06,+12.565326735E+00,+21.460125133E+00
+172.700E-06,+12.364321709E+00,+21.546270145E+00
+172.800E-06,+12.364321709E+00,+21.833420183E+00
+172.900E-06,+12.507896728E+00,+21.661130160E+00
+173.000E-06,+12.421751717E+00,+21.661130160E+00
+173.100E-06,+12.364321709E+00,+21.833420183E+00
+173.200E-06,+12.565326735E+00,+21.574985148E+00
+173.300E-06,+12.565326735E+00,+21.661130160E+00
+173.400E-06,+12.565326735E+00,+21.460125133E+00
+173.500E-06,+12.364321709E+00,+21.833420183E+00
+173.600E-06,+12.220746689E+00,+21.661130160E+00
+173.700E-06,+12.220746690E+00,+21.517555141E+00
+173.800E-06,+12.364321709E+00,+21.661130160E+00
+173.900E-06,+12.364321709E+00,+21.775990175E+00
+174.000E-06,+12.364321709E+00,+21.661130160E+00
+174.100E-06,+12.364321709E+00,+21.661130160E+00
+174.200E-06,+12.536611731E+00,+21.689845164E+00
+174.300E-06,+12.565326735E+00,+21.804705179E+00
+174.400E-06,+12.507896728E+00,+21.603700152E+00
+174.500E-06,+12.536611732E+00,+21.661130160E+00
+174.600E-06,+12.565326735E+00,+21.574985148E+00
+174.700E-06,+12.364321709E+00,+21.661130160E+00
+174.800E-06,+12.479181724E+00,+21.546270145E+00
+174.900E-06,+12.565326735E+00,+21.488840137E+00
+175.000E-06,+12.364321709E+00,+21.718560168E+00
+175.100E-06,+12.507896728E+00,+21.402695126E+00
+175.200E-06,+12.364321709E+00,+21.661130160E+00
+175.300E-06,+12.450466720E+00,+21.775990175E+00
+175.400E-06,+12.163316682E+00,+21.661130160E+00
+175.500E-06,+12.479181724E+00,+21.661130160E+00
+175.600E-06,+12.364321709E+00,+21.689845164E+00
+175.700E-06,+12.565326735E+00,+21.460125133E+00
+175.800E-06,+12.565326735E+00,+21.718560168E+00
+175.900E-06,+12.536611732E+00,+21.632415156E+00
+176.000E-06,+12.364321709E+00,+21.862135187E+00
+176.100E-06,+12.565326735E+00,+21.661130160E+00
+176.200E-06,+12.450466720E+00,+21.661130160E+00
+176.300E-06,+12.565326735E+00,+21.661130160E+00
+176.400E-06,+12.507896728E+00,+21.517555141E+00
+176.500E-06,+12.364321709E+00,+21.661130160E+00
+176.600E-06,+12.335606705E+00,+21.632415156E+00
+176.700E-06,+12.364321709E+00,+21.574985148E+00
+176.800E-06,+12.364321709E+00,+21.661130160E+00
+176.900E-06,+12.364321709E+00,+21.661130160E+00
+177.000E-06,+12.536611731E+00,+21.488840137E+00
+177.100E-06,+12.364321709E+00,+21.603700153E+00
+177.200E-06,+12.163316682E+00,+21.747275171E+00
+177.300E-06,+12.393036712E+00,+21.661130160E+00
+177.400E-06,+12.364321709E+00,+21.775990175E+00
+177.500E-06,+12.364321708E+00,+21.661130160E+00
+177.600E-06,+12.565326735E+00,+21.546270145E+00
+177.700E-06,+12.393036713E+00,+21.661130160E+00
+177.800E-06,+12.364321709E+00,+21.661130160E+00
+177.900E-06,+12.421751717E+00,+21.661130160E+00
+178.000E-06,+12.565326735E+00,+21.488840137E+00
+178.100E-06,+12.450466720E+00,+21.862135187E+00
+178.200E-06,+12.364321709E+00,+21.661130160E+00
+178.300E-06,+12.565326735E+00,+21.460125133E+00
+178.400E-06,+12.565326735E+00,+21.460125133E+00
+178.500E-06,+12.364321709E+00,+21.804705179E+00
+178.600E-06,+12.364321709E+00,+21.718560168E+00
+178.700E-06,+12.536611732E+00,+21.661130160E+00
+178.800E-06,+12.364321709E+00,+21.661130160E+00
+178.900E-06,+12.364321709E+00,+21.862135187E+00
+179.000E-06,+12.450466720E+00,+21.574985149E+00
+179.100E-06,+12.536611731E+00,+21.488840137E+00
+179.200E-06,+12.421751716E+00,+21.862135187E+00
+179.300E-06,+12.364321709E+00,+21.862135187E+00
+179.400E-06,+12.708901755E+00,+21.517555141E+00
+179.500E-06,+12.479181724E+00,+21.747275172E+00
+179.600E-06,+12.565326735E+00,+21.661130160E+00
+179.700E-06,+12.479181724E+00,+21.747275171E+00
+179.800E-06,+12.737616758E+00,+21.517555141E+00
+179.900E-06,+12.421751716E+00,+21.661130160E+00
+180.000E-06,+12.565326735E+00,+21.603700152E+00
+180.100E-06,+12.393036712E+00,+21.661130160E+00
+180.200E-06,+12.278176697E+00,+21.661130160E+00
+180.300E-06,+12.565326735E+00,+21.862135187E+00
+180.400E-06,+12.450466720E+00,+21.747275171E+00
+180.500E-06,+12.364321709E+00,+21.661130160E+00
